113174644048,2022.05.16.09.43.29,26787210,LELENATSUKI,还有一个春日绽放的帽子也非常好看！我一直都是搭配英伦往事的裙子（能在摩金夫人长袍店买到），给人一个感觉就是特别少女特别春日，非常推荐！！[保卫萝卜_哇],https://api.bilibili.com/x/v2/reply?pn=1&type=1&oid=768410113&mode=3
113201132448,2022.05.16.14.14.51,4890593,阿盐是只喵,哈哈哈对！那个也好看,https://api.bilibili.com/x/v2/reply/reply?pn=1&type=1&oid=768410113&mode=3&root=113174644048&type=1
111713729280,2022.05.04.17.57.47,49837588,恐惧魔王K0ngjumow4ng,一条评论,https://api.bilibili.com/x/v2/reply?pn=1&type=1&oid=768410113&mode=3
111696338176,2022.05.04.15.18.56,397572298,扑该boy,[热词系列_爱了爱了],https://api.bilibili.com/x/v2/reply?pn=1&type=1&oid=768410113&mode=3
111687042144,2022.05.04.13.51.37,14327204,我爱蛋炒饭哟,互动一下～,https://api.bilibili.com/x/v2/reply?pn=1&type=1&oid=768410113&mode=3
111686482256,2022.05.04.13.47.17,1170419094,黔浅嘿嘿嘿,来了[脱单doge]互相支持一波,https://api.bilibili.com/x/v2/reply?pn=1&type=1&oid=768410113&mode=3
111687544192,2022.05.04.13.56.43,4890593,阿盐是只喵,[支持][支持],https://api.bilibili.com/x/v2/reply/reply?pn=1&type=1&oid=768410113&mode=3&root=111686482256&type=1
111685234096,2022.05.04.13.35.59,507189644,我75719,[傲娇],https://api.bilibili.com/x/v2/reply?pn=1&type=1&oid=768410113&mode=3
111687622304,2022.05.04.13.56.56,4890593,阿盐是只喵,[脸红],https://api.bilibili.com/x/v2/reply/reply?pn=1&type=1&oid=768410113&mode=3&root=111685234096&type=1
110443385792,2022.04.24.15.06.34,1790024141,阿宅不太宅zZ,来了来了[打call],https://api.bilibili.com/x/v2/reply?pn=1&type=1&oid=768410113&mode=3
110445785888,2022.04.24.15.33.40,4890593,阿盐是只喵,[羞羞][羞羞],https://api.bilibili.com/x/v2/reply/reply?pn=1&type=1&oid=768410113&mode=3&root=110443385792&type=1
110438559728,2022.04.24.14.14.11,260654269,原神代肝-陌尘BのM,光看标题还真以为成穿搭up了[doge] 看到视频之后有点失落怎么办[doge],https://api.bilibili.com/x/v2/reply?pn=1&type=1&oid=768410113&mode=3
110438812544,2022.04.24.14.15.08,4890593,阿盐是只喵,也是穿搭嘛[妙啊],https://api.bilibili.com/x/v2/reply/reply?pn=1&type=1&oid=768410113&mode=3&root=110438559728&type=1
110438663776,2022.04.24.14.13.17,643354731,TYRI0N,我还以为是阿盐自己的穿搭视频[保卫萝卜_问号],https://api.bilibili.com/x/v2/reply?pn=1&type=1&oid=768410113&mode=3
110438744480,2022.04.24.14.14.56,4890593,阿盐是只喵,以后可以考虑出哈哈哈,https://api.bilibili.com/x/v2/reply/reply?pn=1&type=1&oid=768410113&mode=3&root=110438663776&type=1
110430890896,2022.04.24.12.59.21,332886529,KevinTam2,好家伙，成为穿搭区up主了[狗子],https://api.bilibili.com/x/v2/reply?pn=1&type=1&oid=768410113&mode=3
110438472416,2022.04.24.14.12.15,4890593,阿盐是只喵,哈哈哈哈哈我jio得不错,https://api.bilibili.com/x/v2/reply/reply?pn=1&type=1&oid=768410113&mode=3&root=110430890896&type=1
110411022000,2022.04.24.09.54.53,41904692,单推盐盐喵的头号迷弟,[打call][打call],https://api.bilibili.com/x/v2/reply?pn=1&type=1&oid=768410113&mode=3
110404913424,2022.04.24.08.32.22,6733766,小殇丶D,[tv_点赞],https://api.bilibili.com/x/v2/reply?pn=1&type=1&oid=768410113&mode=3
110403269968,2022.04.24.08.04.57,1413614271,一盏春茶念朝云,没有衣服怎么办[大哭],https://api.bilibili.com/x/v2/reply?pn=1&type=1&oid=768410113&mode=3
110438047216,2022.04.24.14.08.22,4890593,阿盐是只喵,借一借,https://api.bilibili.com/x/v2/reply/reply?pn=1&type=1&oid=768410113&mode=3&root=110403269968&type=1
110403319104,2022.04.24.08.03.41,1413614271,一盏春茶念朝云,第二 阿盐[脱单doge],https://api.bilibili.com/x/v2/reply?pn=1&type=1&oid=768410113&mode=3
110438106784,2022.04.24.14.07.43,4890593,阿盐是只喵,好耶,https://api.bilibili.com/x/v2/reply/reply?pn=1&type=1&oid=768410113&mode=3&root=110403319104&type=1
110403111712,2022.04.24.08.00.59,26532237,喵猫猫猫颜,先赞后看，成为习惯,https://api.bilibili.com/x/v2/reply?pn=1&type=1&oid=768410113&mode=3
110438111712,2022.04.24.14.07.52,4890593,阿盐是只喵,[支持],https://api.bilibili.com/x/v2/reply/reply?pn=1&type=1&oid=768410113&mode=3&root=110403111712&type=1
