126376471888,2022.08.19.13.12.13,1966342008,温溱与,现在除了斯内普，大家都爱中线（不是）[脱单doge],https://api.bilibili.com/x/v2/reply?pn=1&type=1&oid=942110362&mode=3
126393146528,2022.08.19.15.20.29,4890593,阿盐是只喵,斯教太难了哈哈啊哈,https://api.bilibili.com/x/v2/reply/reply?pn=1&type=1&oid=942110362&mode=3&root=126376471888&type=1
126090380736,2022.08.17.16.22.36,28967280,中二颜文字,好燃！,https://api.bilibili.com/x/v2/reply?pn=1&type=1&oid=942110362&mode=3
126095404432,2022.08.17.17.01.00,4890593,阿盐是只喵,太刺激了哈哈哈,https://api.bilibili.com/x/v2/reply/reply?pn=1&type=1&oid=942110362&mode=3&root=126090380736&type=1
126086183904,2022.08.17.15.47.41,396915388,晔炽日曦幽月,"鬼刀一开看不见走位走位手里干偶吼吼吼吼
对面：难受",https://api.bilibili.com/x/v2/reply?pn=1&type=1&oid=942110362&mode=3
126243708352,2022.08.18.16.05.28,4890593,阿盐是只喵,哈哈哈哈,https://api.bilibili.com/x/v2/reply/reply?pn=1&type=1&oid=942110362&mode=3&root=126086183904&type=1
126062805296,2022.08.17.12.45.15,66063571,林君LJ,哇！！！,https://api.bilibili.com/x/v2/reply?pn=1&type=1&oid=942110362&mode=3
126082129776,2022.08.17.15.14.47,4890593,阿盐是只喵,[大笑][大笑],https://api.bilibili.com/x/v2/reply/reply?pn=1&type=1&oid=942110362&mode=3&root=126062805296&type=1
126059924048,2022.08.17.12.27.14,424481491,路过的汤小圆,有惊无险[doge],https://api.bilibili.com/x/v2/reply?pn=1&type=1&oid=942110362&mode=3
126082198992,2022.08.17.15.14.33,4890593,阿盐是只喵,吓死了哈哈哈,https://api.bilibili.com/x/v2/reply/reply?pn=1&type=1&oid=942110362&mode=3&root=126059924048&type=1
126059555712,2022.08.17.12.25.02,6733766,小殇丶D,牛啊,https://api.bilibili.com/x/v2/reply?pn=1&type=1&oid=942110362&mode=3
126082125504,2022.08.17.15.14.40,4890593,阿盐是只喵,[脱单doge],https://api.bilibili.com/x/v2/reply/reply?pn=1&type=1&oid=942110362&mode=3&root=126059555712&type=1
