3111121971,2020.07.01.00.18.03,4890593,阿盐是只喵,"视频9:47 黑色小方块里的字有一处bug
 “飞狗：豆腐” 我打错了哈哈哈哈哈哈哈
改成“飞狗：黑百合”哈哈哈哈哈哈哈哈
（原谅我太想看他们两合体）",https://api.bilibili.com/x/v2/reply/main?jsonp=jsonp&type=1&oid=926199172&mode=3
3111160890,2020.07.01.00.26.31,7334867,11月夜,🤺🤺,https://api.bilibili.com/x/v2/reply/reply?pn=1&type=1&oid=926199172&mode=3&root=3111121971&type=1
4034694743,2021.01.31.22.44.31,515059809,不讲理的kevin,怎么加水友群啊,https://api.bilibili.com/x/v2/reply?pn=1&type=1&oid=926199172&mode=3
4034783487,2021.01.31.22.58.07,4890593,阿盐是只喵,有粉丝牌子就可以进哦～私聊我,https://api.bilibili.com/x/v2/reply/reply?pn=1&type=1&oid=926199172&mode=3&root=4034694743&type=1
4034787443,2021.01.31.22.58.33,515059809,不讲理的kevin,回复 @Shioko阿盐子 :私聊你啦阿盐,https://api.bilibili.com/x/v2/reply/reply?pn=1&type=1&oid=926199172&mode=3&root=4034694743&type=1
3216027591,2020.07.22.12.48.49,11564228,从出生起就是萧逸老婆,数完了飞狗挨打19下[小电视_无语],https://api.bilibili.com/x/v2/reply?pn=1&type=1&oid=926199172&mode=3
3216294234,2020.07.22.13.46.43,4890593,阿盐是只喵,哈哈哈哈哈哈哈哈哈哈哈哈哈哈还真的数了,https://api.bilibili.com/x/v2/reply/reply?pn=1&type=1&oid=926199172&mode=3&root=3216027591&type=1
3146179685,2020.07.08.10.03.55,408016984,ANGELZIEGLER,可怕的小火车啊[热词系列_知识增加],https://api.bilibili.com/x/v2/reply?pn=1&type=1&oid=926199172&mode=3
3146904744,2020.07.08.12.55.53,4890593,阿盐是只喵,老吓人了233,https://api.bilibili.com/x/v2/reply/reply?pn=1&type=1&oid=926199172&mode=3&root=3146179685&type=1
3141032887,2020.07.07.08.08.28,408016984,ANGELZIEGLER,终于获得阿盐的勋章了,https://api.bilibili.com/x/v2/reply?pn=1&type=1&oid=926199172&mode=3
3142180629,2020.07.07.13.22.26,4890593,阿盐是只喵,看到啦～！[害羞],https://api.bilibili.com/x/v2/reply/reply?pn=1&type=1&oid=926199172&mode=3&root=3141032887&type=1
3122999378,2020.07.03.12.47.26,313994098,cheese小猪仔,我来了！,https://api.bilibili.com/x/v2/reply?pn=1&type=1&oid=926199172&mode=3
3123081851,2020.07.03.13.04.30,4890593,阿盐是只喵,欢迎～,https://api.bilibili.com/x/v2/reply/reply?pn=1&type=1&oid=926199172&mode=3&root=3122999378&type=1
3116998926,2020.07.02.08.19.01,96783225,香蕉子banana,看标题以为阿盐也玩了那个最后的原谅者[doge],https://api.bilibili.com/x/v2/reply?pn=1&type=1&oid=926199172&mode=3
3117324477,2020.07.02.09.53.00,4890593,阿盐是只喵,那是啥哈哈哈哈,https://api.bilibili.com/x/v2/reply/reply?pn=1&type=1&oid=926199172&mode=3&root=3116998926&type=1
3117584871,2020.07.02.10.56.32,96783225,香蕉子banana,回复 @Shioko阿盐子 :一款奇迹的媒体口碑爆棚，玩家口碑爆炸的ps4游戏[doge],https://api.bilibili.com/x/v2/reply/reply?pn=1&type=1&oid=926199172&mode=3&root=3116998926&type=1
3117589455,2020.07.02.10.56.55,4890593,阿盐是只喵,回复 @香蕉子banana :23333,https://api.bilibili.com/x/v2/reply/reply?pn=1&type=1&oid=926199172&mode=3&root=3116998926&type=1
3117608169,2020.07.02.10.59.56,96783225,香蕉子banana,锤妹被砍废了,https://api.bilibili.com/x/v2/reply/reply?pn=1&type=1&oid=926199172&mode=3&root=3116998926&type=1
3111946579,2020.07.01.09.39.32,301516718,终我一生-满是遗憾,随机抽取一个幸运的阿盐，令她进入观战视角,https://api.bilibili.com/x/v2/reply?pn=1&type=1&oid=926199172&mode=3
3112742195,2020.07.01.13.22.00,4890593,阿盐是只喵,我太惨了哈哈哈哈,https://api.bilibili.com/x/v2/reply/reply?pn=1&type=1&oid=926199172&mode=3&root=3111946579&type=1
3111475810,2020.07.01.03.15.09,3974131,小粉L1tPk,捏吗 可爱！,https://api.bilibili.com/x/v2/reply?pn=1&type=1&oid=926199172&mode=3
3111496624,2020.07.01.03.44.02,4890593,阿盐是只喵,你要捏什么[doge],https://api.bilibili.com/x/v2/reply/reply?pn=1&type=1&oid=926199172&mode=3&root=3111475810&type=1
3111526945,2020.07.01.04.44.44,3974131,小粉L1tPk,回复 @Shioko阿盐子 :捏妈[doge]有笨比up,https://api.bilibili.com/x/v2/reply/reply?pn=1&type=1&oid=926199172&mode=3&root=3111475810&type=1
3111528626,2020.07.01.04.56.33,4890593,阿盐是只喵,回复 @ow小粉 :呜呜呜 有人骂我,https://api.bilibili.com/x/v2/reply/reply?pn=1&type=1&oid=926199172&mode=3&root=3111475810&type=1
3111556508,2020.07.01.05.48.30,3974131,小粉L1tPk,回复 @Shioko阿盐子 :还不睡还不睡还不睡！[tv_doge],https://api.bilibili.com/x/v2/reply/reply?pn=1&type=1&oid=926199172&mode=3&root=3111475810&type=1
3112737977,2020.07.01.13.21.32,4890593,阿盐是只喵,回复 @ow小粉 :你起的好早,https://api.bilibili.com/x/v2/reply/reply?pn=1&type=1&oid=926199172&mode=3&root=3111475810&type=1
3114031588,2020.07.01.19.07.41,3974131,小粉L1tPk,回复 @Shioko阿盐子 :那x必须嗷,https://api.bilibili.com/x/v2/reply/reply?pn=1&type=1&oid=926199172&mode=3&root=3111475810&type=1
3111341174,2020.07.01.01.31.00,26898017,想名字什么的最难惹,我又来了,https://api.bilibili.com/x/v2/reply?pn=1&type=1&oid=926199172&mode=3
3111329627,2020.07.01.01.28.50,57381329,吾皇浩哥,哈哈哈哈哈哈哈你是有赤小兔好友的吗[doge],https://api.bilibili.com/x/v2/reply?pn=1&type=1&oid=926199172&mode=3
3111341279,2020.07.01.01.31.10,4890593,阿盐是只喵,对呀[doge]我还有她微信好友位来着,https://api.bilibili.com/x/v2/reply/reply?pn=1&type=1&oid=926199172&mode=3&root=3111329627&type=1
3114835936,2020.07.01.21.36.32,57381329,吾皇浩哥,回复 @Shioko阿盐子 :哈哈哈哈哈哈哈妈耶原来你是这个级别的博主[doge][doge][doge][doge],https://api.bilibili.com/x/v2/reply/reply?pn=1&type=1&oid=926199172&mode=3&root=3111329627&type=1
3114886820,2020.07.01.21.43.06,4890593,阿盐是只喵,回复 @吾皇浩哥 :什么级别？！2333,https://api.bilibili.com/x/v2/reply/reply?pn=1&type=1&oid=926199172&mode=3&root=3111329627&type=1
3115449625,2020.07.01.22.51.06,57381329,吾皇浩哥,回复 @Shioko阿盐子 :跟赤小兔一个级别的！[OK],https://api.bilibili.com/x/v2/reply/reply?pn=1&type=1&oid=926199172&mode=3&root=3111329627&type=1
3115784605,2020.07.01.23.31.33,4890593,阿盐是只喵,回复 @吾皇浩哥 :不敢不敢hhh,https://api.bilibili.com/x/v2/reply/reply?pn=1&type=1&oid=926199172&mode=3&root=3111329627&type=1
3111152013,2020.07.01.00.25.40,12361101,红领巾爱你们,这么有趣的up主怎么没人关注呢  关注量都给爷涨,https://api.bilibili.com/x/v2/reply?pn=1&type=1&oid=926199172&mode=3
3111062158,2020.07.01.00.03.40,372614179,HUGO豪哥哥,太爱啊盐了[喜欢][喜欢],https://api.bilibili.com/x/v2/reply?pn=1&type=1&oid=926199172&mode=3
3111069097,2020.07.01.00.05.32,4890593,阿盐是只喵,嘿嘿,https://api.bilibili.com/x/v2/reply/reply?pn=1&type=1&oid=926199172&mode=3&root=3111062158&type=1
3111033038,2020.06.30.23.57.32,4851026,Miwa_O3O,随机抽取一名幸运观众[tv_doge],https://api.bilibili.com/x/v2/reply?pn=1&type=1&oid=926199172&mode=3
3111035145,2020.06.30.23.56.40,14700069,萝卜泡泡丶,不知道是不是错觉 我感觉黑洞那段有点掉帧哎,https://api.bilibili.com/x/v2/reply?pn=1&type=1&oid=926199172&mode=3
3111074669,2020.07.01.00.06.52,4890593,阿盐是只喵,一开始是有点 我这个录制录出来偶尔掉一下帧,https://api.bilibili.com/x/v2/reply/reply?pn=1&type=1&oid=926199172&mode=3&root=3111035145&type=1
3111215945,2020.07.01.00.42.46,14700069,萝卜泡泡丶,回复 @Shioko阿盐子 :下次俺也要玩这个[妙啊],https://api.bilibili.com/x/v2/reply/reply?pn=1&type=1&oid=926199172&mode=3&root=3111035145&type=1
3111224765,2020.07.01.00.47.46,4890593,阿盐是只喵,回复 @萝卜泡泡丶 :好～,https://api.bilibili.com/x/v2/reply/reply?pn=1&type=1&oid=926199172&mode=3&root=3111035145&type=1
3111011970,2020.06.30.23.51.53,39262446,绝汨九江,[热词系列_这次一定][热词系列_妙啊],https://api.bilibili.com/x/v2/reply?pn=1&type=1&oid=926199172&mode=3
3110999270,2020.06.30.23.50.08,5598745,假唱狗,一个月萌新表示很欢乐,https://api.bilibili.com/x/v2/reply?pn=1&type=1&oid=926199172&mode=3
3111018694,2020.06.30.23.54.39,4890593,阿盐是只喵,摸摸萌新,https://api.bilibili.com/x/v2/reply/reply?pn=1&type=1&oid=926199172&mode=3&root=3110999270&type=1
3110997416,2020.06.30.23.48.56,282904038,Goen1tz,你这是背叛！,https://api.bilibili.com/x/v2/reply?pn=1&type=1&oid=926199172&mode=3
3111025881,2020.06.30.23.54.26,4890593,阿盐是只喵,呜呜呜我不是故意的,https://api.bilibili.com/x/v2/reply/reply?pn=1&type=1&oid=926199172&mode=3&root=3110997416&type=1
3110950403,2020.06.30.23.38.25,6733766,小殇丶D,[热词系列_三连][热词系列_妙啊],https://api.bilibili.com/x/v2/reply?pn=1&type=1&oid=926199172&mode=3
3110939847,2020.06.30.23.38.06,25385526,Genji不稳,沙发,https://api.bilibili.com/x/v2/reply?pn=1&type=1&oid=926199172&mode=3
