120340070864,2022.07.11.14.39.00,236575052,THE九命猫,开局的禁锢雪球是没有对面扫帚的视野的，但是等时间再球是对的,https://api.bilibili.com/x/v2/reply?pn=1&type=1&oid=469972192&mode=3
120339972496,2022.07.11.14.38.19,236575052,THE九命猫,开局的雪球分析有点问题,https://api.bilibili.com/x/v2/reply?pn=1&type=1&oid=469972192&mode=3
117932603936,2022.06.23.14.23.28,499953146,挨打专家张满月,新转盘衣服迈克尔和上海滩中西合璧,https://api.bilibili.com/x/v2/reply?pn=1&type=1&oid=469972192&mode=3
116834715632,2022.06.14.20.27.34,689292737,汤姆的混乱空问,[脱单doge][doge],https://api.bilibili.com/x/v2/reply?pn=1&type=1&oid=469972192&mode=3
116819398688,2022.06.14.18.27.06,356642003,小兔叽的狗狗,自从看了你之前守望回忆的视频后，你的所有视频几乎都刷了一遍[doge],https://api.bilibili.com/x/v2/reply?pn=1&type=1&oid=469972192&mode=3
116825909040,2022.06.14.19.17.55,4890593,阿盐是只喵,谢谢～,https://api.bilibili.com/x/v2/reply/reply?pn=1&type=1&oid=469972192&mode=3&root=116819398688&type=1
116719830960,2022.06.13.21.16.17,415778962,超自然地心卷,好视频,https://api.bilibili.com/x/v2/reply?pn=1&type=1&oid=469972192&mode=3
116725025328,2022.06.13.21.53.44,4890593,阿盐是只喵,好！不坏,https://api.bilibili.com/x/v2/reply/reply?pn=1&type=1&oid=469972192&mode=3&root=116719830960&type=1
116715029392,2022.06.13.20.38.49,6733766,小殇丶D,[tv_点赞],https://api.bilibili.com/x/v2/reply?pn=1&type=1&oid=469972192&mode=3
116719266672,2022.06.13.21.11.48,4890593,阿盐是只喵,[给心心],https://api.bilibili.com/x/v2/reply/reply?pn=1&type=1&oid=469972192&mode=3&root=116715029392&type=1
116714949552,2022.06.13.20.38.43,1666741095,睡懒觉的唐之梦,各方面分析得很到位呀，咱还是多少要有大大局观意识，算算自己的盈亏[打call],https://api.bilibili.com/x/v2/reply?pn=1&type=1&oid=469972192&mode=3
116719306064,2022.06.13.21.11.43,4890593,阿盐是只喵,对滴 有时候记记数据也很好,https://api.bilibili.com/x/v2/reply/reply?pn=1&type=1&oid=469972192&mode=3&root=116714949552&type=1
116714524640,2022.06.13.20.34.35,424481491,路过的汤小圆,含金量[给心心][给心心][给心心],https://api.bilibili.com/x/v2/reply?pn=1&type=1&oid=469972192&mode=3
116714555728,2022.06.13.20.35.18,424481491,路过的汤小圆,[热词系列_三连]三连支持下,https://api.bilibili.com/x/v2/reply/reply?pn=1&type=1&oid=469972192&mode=3&root=116714524640&type=1
116719154128,2022.06.13.21.10.58,4890593,阿盐是只喵,回复 @路过的汤小圆 :谢谢～,https://api.bilibili.com/x/v2/reply/reply?pn=1&type=1&oid=469972192&mode=3&root=116714524640&type=1
116712166928,2022.06.13.20.16.51,27674578,飞沙走石锅拌饭丶,来了来了[星星眼],https://api.bilibili.com/x/v2/reply?pn=1&type=1&oid=469972192&mode=3
116712236208,2022.06.13.20.18.27,4890593,阿盐是只喵,芜湖第一,https://api.bilibili.com/x/v2/reply/reply?pn=1&type=1&oid=469972192&mode=3&root=116712166928&type=1
