110915932864,2022.04.28.14.43.25,83584510,抖抖o3o,太有意思辣~[星星眼],https://api.bilibili.com/x/v2/reply?pn=1&type=1&oid=852977889&mode=3
110916719600,2022.04.28.14.54.06,4890593,阿盐是只喵,2333贼好笑,https://api.bilibili.com/x/v2/reply/reply?pn=1&type=1&oid=852977889&mode=3&root=110915932864&type=1
110891095328,2022.04.28.10.43.22,2672156,lipolo,爽哦。,https://api.bilibili.com/x/v2/reply?pn=1&type=1&oid=852977889&mode=3
110884630128,2022.04.28.09.27.39,1413614271,一盏春茶念朝云,油条逗父恼：我真的会谢 三只凤凰在敌方半场玩的好开心 为什么不奶龙蛋？留我自己在那奶[doge],https://api.bilibili.com/x/v2/reply?pn=1&type=1&oid=852977889&mode=3
110915322784,2022.04.28.14.36.54,4890593,阿盐是只喵,哈哈啊哈好惨,https://api.bilibili.com/x/v2/reply/reply?pn=1&type=1&oid=852977889&mode=3&root=110884630128&type=1
110869801440,2022.04.28.02.06.44,351233788,缺角的大怪物,咕咚咕咚,https://api.bilibili.com/x/v2/reply?pn=1&type=1&oid=852977889&mode=3
110870214416,2022.04.28.02.18.34,4890593,阿盐是只喵,歪比歪比,https://api.bilibili.com/x/v2/reply/reply?pn=1&type=1&oid=852977889&mode=3&root=110869801440&type=1
110867105712,2022.04.28.01.17.27,666840860,Kokobu,永动鸡[妙啊],https://api.bilibili.com/x/v2/reply?pn=1&type=1&oid=852977889&mode=3
110867856624,2022.04.28.01.27.48,4890593,阿盐是只喵,凤凰：你礼貌嘛[doge],https://api.bilibili.com/x/v2/reply/reply?pn=1&type=1&oid=852977889&mode=3&root=110867105712&type=1
110864088912,2022.04.28.00.37.24,1285014605,Blueboy-,哇[热词系列_知识增加],https://api.bilibili.com/x/v2/reply?pn=1&type=1&oid=852977889&mode=3
110863416480,2022.04.28.00.31.12,507189644,我75719,妙啊[热词系列_秀],https://api.bilibili.com/x/v2/reply?pn=1&type=1&oid=852977889&mode=3
110862336432,2022.04.28.00.20.43,14327204,我爱蛋炒饭哟,互动一下,https://api.bilibili.com/x/v2/reply?pn=1&type=1&oid=852977889&mode=3
110861904928,2022.04.28.00.17.37,260654269,原神代肝-陌尘BのM,"我为你写过圆满或是萎缩的月亮，为你写过坍塌又起伏的银河。我把鲜妍的山茶花栽种在瞳孔里，多少次静默望向你，希望你看到团团花朵盛放。
可是后来月亮折在起了褶皱的日记本上，银河被裁断在鼓胀的字迹里，花朵生长了又衰老褪色，你都是不知晓的模样。
我最后才明白我从来都留不住你。",https://api.bilibili.com/x/v2/reply?pn=1&type=1&oid=852977889&mode=3
110865853392,2022.04.28.00.59.04,4890593,阿盐是只喵,草好文艺,https://api.bilibili.com/x/v2/reply/reply?pn=1&type=1&oid=852977889&mode=3&root=110861904928&type=1
110866619344,2022.04.28.01.10.16,260654269,原神代肝-陌尘BのM,回复 @阿盐是只喵 :嘿嘿嘿,https://api.bilibili.com/x/v2/reply/reply?pn=1&type=1&oid=852977889&mode=3&root=110861904928&type=1
110861355008,2022.04.28.00.13.01,90921247,今天吃点啥nbb,最后龙还蹭了口奶绷不住了,https://api.bilibili.com/x/v2/reply?pn=1&type=1&oid=852977889&mode=3
110865848384,2022.04.28.00.58.53,4890593,阿盐是只喵,龙：我只是路过,https://api.bilibili.com/x/v2/reply/reply?pn=1&type=1&oid=852977889&mode=3&root=110861355008&type=1
110861284832,2022.04.28.00.11.02,4427718,渡辺丶楼,传奇奶爸[妙啊],https://api.bilibili.com/x/v2/reply?pn=1&type=1&oid=852977889&mode=3
110861306336,2022.04.28.00.11.37,4890593,阿盐是只喵,绝绝子,https://api.bilibili.com/x/v2/reply/reply?pn=1&type=1&oid=852977889&mode=3&root=110861284832&type=1
109818534080,2022.04.19.13.06.41,652588319,电竞白给代师,把二傻子鸟的优先机制该抽角色就好了,https://api.bilibili.com/x/v2/reply?pn=1&type=1&oid=852977889&mode=3
108197924896,2022.04.06.13.33.13,424481491,路过的汤小圆,[虎年],https://api.bilibili.com/x/v2/reply?pn=1&type=1&oid=852977889&mode=3
108172457440,2022.04.06.09.26.27,41904692,单推盐盐喵的头号迷弟,[打call][打call],https://api.bilibili.com/x/v2/reply?pn=1&type=1&oid=852977889&mode=3
108198461456,2022.04.06.13.39.50,4890593,阿盐是只喵,[脱单doge],https://api.bilibili.com/x/v2/reply/reply?pn=1&type=1&oid=852977889&mode=3&root=108172457440&type=1
108171091296,2022.04.06.09.09.12,6733766,小殇丶D,[哈哈],https://api.bilibili.com/x/v2/reply?pn=1&type=1&oid=852977889&mode=3
