133232964272,2022.10.11.13.38.47,402441776,一只雨仔呀,问一下炸尾螺和闪回中间是什么咒语呀(°∀°)ﾉ,https://api.bilibili.com/x/v2/reply?pn=1&type=1&oid=515633354&mode=3
133236931088,2022.10.11.14.30.02,4890593,阿盐是只喵,万弹，皮肤,https://api.bilibili.com/x/v2/reply/reply?pn=1&type=1&oid=515633354&mode=3&root=133232964272&type=1
132421101072,2022.10.04.18.46.17,1233859443,热心市民王沙拉,能求一下卡组吗？,https://api.bilibili.com/x/v2/reply?pn=1&type=1&oid=515633354&mode=3
132422116432,2022.10.04.18.53.34,4890593,阿盐是只喵,00:04,https://api.bilibili.com/x/v2/reply/reply?pn=1&type=1&oid=515633354&mode=3&root=132421101072&type=1
133170341024,2022.10.10.21.45.39,1233859443,热心市民王沙拉,回复 @阿盐是只喵 :谢谢,https://api.bilibili.com/x/v2/reply/reply?pn=1&type=1&oid=515633354&mode=3&root=132421101072&type=1
132200622816,2022.10.03.00.12.14,628098630,ehesjbso,我很怕多比，但不怕用默默然的多比，因为卡好点扔雪球可以做到默默然回去的同时雪球正好到，人落地还是黑影没显出人形的时候就吃到雪球伤害了，我见过的从来没有来的及闪走的，但多比不用默默然我一个法术都打不中,https://api.bilibili.com/x/v2/reply?pn=1&type=1&oid=515633354&mode=3
132207651632,2022.10.03.01.25.50,4890593,阿盐是只喵,确实要卡好点就很好抓，但是大部分人都卡不中刚刚好除非本身也特别了解默默然,https://api.bilibili.com/x/v2/reply/reply?pn=1&type=1&oid=515633354&mode=3&root=132200622816&type=1
130530244752,2022.09.18.16.31.51,478056299,大炒饭和他的巨怪们,帅！[白神遥_豹笑],https://api.bilibili.com/x/v2/reply?pn=1&type=1&oid=515633354&mode=3
130532036624,2022.09.18.16.49.37,4890593,阿盐是只喵,我这个回响还是现场在你的见证下洗出来的呜呜呜,https://api.bilibili.com/x/v2/reply/reply?pn=1&type=1&oid=515633354&mode=3&root=130530244752&type=1
130527563984,2022.09.18.16.06.51,28967280,中二颜文字,靠谱的默默然盐[沉默寡言白河愁_干杯],https://api.bilibili.com/x/v2/reply?pn=1&type=1&oid=515633354&mode=3
130528067088,2022.09.18.16.12.03,4890593,阿盐是只喵,[一起看电竞_上流]靠谱是很高的评价了！开心～,https://api.bilibili.com/x/v2/reply/reply?pn=1&type=1&oid=515633354&mode=3&root=130527563984&type=1
130519497824,2022.09.18.14.47.24,1666741095,睡懒觉的唐之梦,袜好活！[给心心],https://api.bilibili.com/x/v2/reply?pn=1&type=1&oid=515633354&mode=3
130527211696,2022.09.18.16.03.25,4890593,阿盐是只喵,诶嘿,https://api.bilibili.com/x/v2/reply/reply?pn=1&type=1&oid=515633354&mode=3&root=130519497824&type=1
