123165876096,2022.07.30.00.29.54,643354731,TYRI0N,快逃.jpg,https://api.bilibili.com/x/v2/reply?pn=1&type=1&oid=856421292&mode=3
123031545440,2022.07.29.09.26.02,90921247,今天吃点啥nbb,咱就是说，樱樱出去了好怂,https://api.bilibili.com/x/v2/reply?pn=1&type=1&oid=856421292&mode=3
123083940224,2022.07.29.15.46.22,4890593,阿盐是只喵,已经还好了吧,https://api.bilibili.com/x/v2/reply/reply?pn=1&type=1&oid=856421292&mode=3&root=123031545440&type=1
122999161504,2022.07.28.23.54.28,15882465,bxg是真的呀,盐盐子好漂亮～,https://api.bilibili.com/x/v2/reply?pn=1&type=1&oid=856421292&mode=3
122952075872,2022.07.28.19.00.30,26532237,喵猫猫猫颜,盐盐是真的很喜欢这对发夹,https://api.bilibili.com/x/v2/reply?pn=1&type=1&oid=856421292&mode=3
122954674576,2022.07.28.19.16.12,4890593,阿盐是只喵,嘿嘿 观察真仔细,https://api.bilibili.com/x/v2/reply/reply?pn=1&type=1&oid=856421292&mode=3&root=122952075872&type=1
122930513088,2022.07.28.16.36.05,334128970,希希子酱呀i,这是哪里的海边呀？,https://api.bilibili.com/x/v2/reply?pn=1&type=1&oid=856421292&mode=3
122936552464,2022.07.28.17.20.05,4890593,阿盐是只喵,深圳哦，详细地址简介有,https://api.bilibili.com/x/v2/reply/reply?pn=1&type=1&oid=856421292&mode=3&root=122930513088&type=1
122921550192,2022.07.28.15.23.23,1413614271,一盏春茶念朝云,阿盐好美 猫好可爱[喜欢],https://api.bilibili.com/x/v2/reply?pn=1&type=1&oid=856421292&mode=3
122922588080,2022.07.28.15.32.26,4890593,阿盐是只喵,[给心心],https://api.bilibili.com/x/v2/reply/reply?pn=1&type=1&oid=856421292&mode=3&root=122921550192&type=1
122907645280,2022.07.28.13.32.24,432275018,甜心与风信子,看到阿盐玩的开心我也好开心嘿嘿嘿,https://api.bilibili.com/x/v2/reply?pn=1&type=1&oid=856421292&mode=3
122922740256,2022.07.28.15.33.00,4890593,阿盐是只喵,[嘟嘟],https://api.bilibili.com/x/v2/reply/reply?pn=1&type=1&oid=856421292&mode=3&root=122907645280&type=1
122899264448,2022.07.28.12.38.05,415778962,超自然地心卷,阿盐！！！（尖叫）（扭曲）（阴暗地爬行）（嘶吼） （爬行）（扭动）（分裂）（疯狂地扭动）（翻滚）（激烈地爬动）（扭曲）（痉挛）（嘶吼）（蠕动）（阴森地低吼）（爬行）（分裂）（走上岸）（从中间裂开）（扭动）（痉挛）（蠕动）（扭曲地行走）（阴暗地爬行）（尖叫）（扭曲）（阴暗地爬行）（尖叫）（扭曲）（快速行进）（不分对象攻击）,https://api.bilibili.com/x/v2/reply?pn=1&type=1&oid=856421292&mode=3
122922684720,2022.07.28.15.33.22,4890593,阿盐是只喵,你也开始了是吧,https://api.bilibili.com/x/v2/reply/reply?pn=1&type=1&oid=856421292&mode=3&root=122899264448&type=1
122897471232,2022.07.28.12.26.47,215416221,东达与乡雪,"？？？
盐还不到一万粉吗？[微笑][微笑]",https://api.bilibili.com/x/v2/reply?pn=1&type=1&oid=856421292&mode=3
122922695504,2022.07.28.15.33.38,4890593,阿盐是只喵,我也想快点万粉[笑哭],https://api.bilibili.com/x/v2/reply/reply?pn=1&type=1&oid=856421292&mode=3&root=122897471232&type=1
122896553776,2022.07.28.12.21.42,9242117,刘刘刘刘刘刘海呀,码住，我正想着去广东海边,https://api.bilibili.com/x/v2/reply?pn=1&type=1&oid=856421292&mode=3
122922664784,2022.07.28.15.32.51,4890593,阿盐是只喵,来玩来玩！有啥需要咨询可以问我,https://api.bilibili.com/x/v2/reply/reply?pn=1&type=1&oid=856421292&mode=3&root=122896553776&type=1
122931561504,2022.07.28.16.43.43,9242117,刘刘刘刘刘刘海呀,回复 @阿盐是只喵 :好的！！,https://api.bilibili.com/x/v2/reply/reply?pn=1&type=1&oid=856421292&mode=3&root=122896553776&type=1
122892899488,2022.07.28.11.59.02,40991543,老油猹,阿盐！！！（尖叫）（扭曲）（阴暗地爬行）（嘶吼） （爬行）（扭动）（分裂）（疯狂地扭动）（翻滚）（激烈地爬动）（扭曲）（痉挛）（嘶吼）（蠕动）（阴森地低吼）（爬行）（分裂）（走上岸）（从中间裂开）（扭动）（痉挛）（蠕动）（扭曲地行走）（阴暗地爬行）（尖叫）（扭曲）（阴暗地爬行）（尖叫）（扭曲）（快速行进）（不分对象攻击）,https://api.bilibili.com/x/v2/reply?pn=1&type=1&oid=856421292&mode=3
122922681264,2022.07.28.15.33.17,4890593,阿盐是只喵,虽然是复制粘贴但也害怕！,https://api.bilibili.com/x/v2/reply/reply?pn=1&type=1&oid=856421292&mode=3&root=122892899488&type=1
122890729824,2022.07.28.11.44.10,66063571,林君LJ,原来快逃的表情包是从这次的旅游vlog来的哈哈哈哈！看到盐喵玩得很开心！🤗🤗,https://api.bilibili.com/x/v2/reply?pn=1&type=1&oid=856421292&mode=3
122922727120,2022.07.28.15.32.41,4890593,阿盐是只喵,哈哈哈是的！,https://api.bilibili.com/x/v2/reply/reply?pn=1&type=1&oid=856421292&mode=3&root=122890729824&type=1
122889258032,2022.07.28.11.34.24,386822671,正在蓄力的PAUL,漂亮姐姐！,https://api.bilibili.com/x/v2/reply?pn=1&type=1&oid=856421292&mode=3
122922759504,2022.07.28.15.33.28,4890593,阿盐是只喵,谢谢～,https://api.bilibili.com/x/v2/reply/reply?pn=1&type=1&oid=856421292&mode=3&root=122889258032&type=1
122889235952,2022.07.28.11.33.56,629824884,缘山S,阿盐！！！（尖叫）（扭曲）（阴暗地爬行）（嘶吼） （爬行）（扭动）（分裂）（疯狂地扭动）（翻滚）（激烈地爬动）（扭曲）（痉挛）（嘶吼）（蠕动）（阴森地低吼）（爬行）（分裂）（走上岸）（从中间裂开）（扭动）（痉挛）（蠕动）（扭曲地行走）（阴暗地爬行）（尖叫）（扭曲）（阴暗地爬行）（尖叫）（扭曲）（快速行进）（不分对象攻击）,https://api.bilibili.com/x/v2/reply?pn=1&type=1&oid=856421292&mode=3
122922722944,2022.07.28.15.32.35,4890593,阿盐是只喵,害怕,https://api.bilibili.com/x/v2/reply/reply?pn=1&type=1&oid=856421292&mode=3&root=122889235952&type=1
123543141840,2022.08.01.13.38.18,7818988,albertewang,查重 重复率：百分百,https://api.bilibili.com/x/v2/reply/reply?pn=1&type=1&oid=856421292&mode=3&root=122889235952&type=1
