3540609357,2020.09.29.01.08.25,2647487,鲲子の篮球,三连了，up玩的很不错支持,https://api.bilibili.com/x/v2/reply?pn=1&type=1&oid=542008655&mode=3
3540628282,2020.09.29.01.15.51,4890593,阿盐是只喵,哈哈哈哈谢谢三连，不过这不是我玩的，是我复盘别人玩的啦,https://api.bilibili.com/x/v2/reply/reply?pn=1&type=1&oid=542008655&mode=3&root=3540609357&type=1
3482727017,2020.09.12.10.06.24,510266696,FIVAL,shift这么快是不是狂欢啊[哦呼]我怎么感觉我的shift没这么快好,https://api.bilibili.com/x/v2/reply?pn=1&type=1&oid=542008655&mode=3
3482728424,2020.09.12.10.07.51,510266696,FIVAL,好像也不是，30一个E,https://api.bilibili.com/x/v2/reply/reply?pn=1&type=1&oid=542008655&mode=3&root=3482727017&type=1
3490338890,2020.09.14.03.53.10,7414682,颜颜颜颜汪,灵活使用第二次shift结束技能时间[妙啊],https://api.bilibili.com/x/v2/reply/reply?pn=1&type=1&oid=542008655&mode=3&root=3482727017&type=1
3482249115,2020.09.12.04.46.46,8910565,景晟玳,这种压前的c不跟他送还怪你没死牵他。,https://api.bilibili.com/x/v2/reply?pn=1&type=1&oid=542008655&mode=3
3469587476,2020.09.08.16.48.21,36626459,兔之狐,我觉得天使可以适当的发发语音，可以气到对面,https://api.bilibili.com/x/v2/reply?pn=1&type=1&oid=542008655&mode=3
3472126166,2020.09.09.11.08.09,936424,≈神风～,你这是找针对 闲得蛋疼,https://api.bilibili.com/x/v2/reply/reply?pn=1&type=1&oid=542008655&mode=3&root=3469587476&type=1
3468308176,2020.09.08.07.50.19,5820194,想做宵宫姐姐的太郎丸,天使就撒蓝线牵着队友但是他打不中,https://api.bilibili.com/x/v2/reply?pn=1&type=1&oid=542008655&mode=3
3464778640,2020.09.07.06.34.10,26898017,想名字什么的最难惹,大家怎么都在问up接不接盘，up就这么像老实人嘛[doge],https://api.bilibili.com/x/v2/reply?pn=1&type=1&oid=542008655&mode=3
3465807215,2020.09.07.14.31.42,4890593,阿盐是只喵,啊这[doge],https://api.bilibili.com/x/v2/reply/reply?pn=1&type=1&oid=542008655&mode=3&root=3464778640&type=1
3464575154,2020.09.07.01.31.42,131592342,昨日初雪了吗,还记得大学军训的时候，去上了个厕所，然后死活想不起来自己是哪个队伍的，看了视频我才知道，是三连[tv_doge],https://api.bilibili.com/x/v2/reply?pn=1&type=1&oid=542008655&mode=3
3464596157,2020.09.07.01.45.51,4890593,阿盐是只喵,[热词系列_知识增加]好文案！,https://api.bilibili.com/x/v2/reply/reply?pn=1&type=1&oid=542008655&mode=3&root=3464575154&type=1
3464418456,2020.09.07.00.25.52,449136885,canuck,[笑],https://api.bilibili.com/x/v2/reply?pn=1&type=1&oid=542008655&mode=3
3463370749,2020.09.06.20.06.36,383251181,某不知名报社记者,烫死了,https://api.bilibili.com/x/v2/reply?pn=1&type=1&oid=542008655&mode=3
3463302271,2020.09.06.19.50.09,619589,一位路过的英俊勇者,up接复盘吗,https://api.bilibili.com/x/v2/reply?pn=1&type=1&oid=542008655&mode=3
3463452902,2020.09.06.20.27.38,4890593,阿盐是只喵,目前不接了,https://api.bilibili.com/x/v2/reply/reply?pn=1&type=1&oid=542008655&mode=3&root=3463302271&type=1
3463116329,2020.09.06.19.01.13,3974131,小粉L1tPk,[歪嘴][支持],https://api.bilibili.com/x/v2/reply?pn=1&type=1&oid=542008655&mode=3
3463158074,2020.09.06.19.12.55,4890593,阿盐是只喵,谢谢小粉[Cat_hightouch],https://api.bilibili.com/x/v2/reply/reply?pn=1&type=1&oid=542008655&mode=3&root=3463116329&type=1
3462831277,2020.09.06.17.50.01,41904692,单推盐盐喵的头号迷弟,[打call][打call][打call],https://api.bilibili.com/x/v2/reply?pn=1&type=1&oid=542008655&mode=3
3462647847,2020.09.06.17.00.44,6733766,小殇丶D,[tv_点赞][tv_点赞][tv_点赞],https://api.bilibili.com/x/v2/reply?pn=1&type=1&oid=542008655&mode=3
3462650502,2020.09.06.17.00.58,4890593,阿盐是只喵,[Cat_hightouch],https://api.bilibili.com/x/v2/reply/reply?pn=1&type=1&oid=542008655&mode=3&root=3462647847&type=1
3462622315,2020.09.06.16.54.11,13819050,克洛斯尤依莉,请问。怎样才能复盘呢,https://api.bilibili.com/x/v2/reply?pn=1&type=1&oid=542008655&mode=3
3462623859,2020.09.06.16.55.26,4890593,阿盐是只喵,暂时不接了,https://api.bilibili.com/x/v2/reply/reply?pn=1&type=1&oid=542008655&mode=3&root=3462622315&type=1
3462614425,2020.09.06.16.52.57,300009777,御空dis,只要来的早，傻子也能上热评[doge],https://api.bilibili.com/x/v2/reply?pn=1&type=1&oid=542008655&mode=3
3462631594,2020.09.06.16.55.36,4890593,阿盐是只喵,为了热评这么拼吗[doge],https://api.bilibili.com/x/v2/reply/reply?pn=1&type=1&oid=542008655&mode=3&root=3462614425&type=1
