119154553312,2022.07.03.00.29.41,398613582,阿月噜噜噜噜,过两天要去拍水下，但是我近视看不清楚，up主有带隐形下水睁眼吗,https://api.bilibili.com/x/v2/reply?pn=1&type=1&oid=300493760&mode=3
119154698272,2022.07.03.00.30.15,4890593,阿盐是只喵,我戴了的,https://api.bilibili.com/x/v2/reply/reply?pn=1&type=1&oid=300493760&mode=3&root=119154553312&type=1
118997980352,2022.07.01.21.36.30,25900258,火铜房塌了,水下太漂亮了,https://api.bilibili.com/x/v2/reply?pn=1&type=1&oid=300493760&mode=3
118923347536,2022.07.01.10.38.58,525243749,EDWS-,好看！up主喝水了吗？[思考],https://api.bilibili.com/x/v2/reply?pn=1&type=1&oid=300493760&mode=3
118931899088,2022.07.01.12.03.08,4890593,阿盐是只喵,没喝到,https://api.bilibili.com/x/v2/reply/reply?pn=1&type=1&oid=300493760&mode=3&root=118923347536&type=1
118932347472,2022.07.01.12.06.17,525243749,EDWS-,回复 @阿盐是只喵 :哈哈哈哈哈那就好[doge],https://api.bilibili.com/x/v2/reply/reply?pn=1&type=1&oid=300493760&mode=3&root=118923347536&type=1
118844313584,2022.06.30.18.12.19,9045108,Chris_harries,十二月份离谱，而且哈哈哈哈这是多久存货啊！！[热词系列_妙啊],https://api.bilibili.com/x/v2/reply?pn=1&type=1&oid=300493760&mode=3
118848010384,2022.06.30.18.40.36,4890593,阿盐是只喵,12月份是别人，我这个片头就说了是6月22日拍的啦,https://api.bilibili.com/x/v2/reply/reply?pn=1&type=1&oid=300493760&mode=3&root=118844313584&type=1
118773496528,2022.06.30.02.09.26,643354731,TYRI0N,硬币已经投完惹,https://api.bilibili.com/x/v2/reply?pn=1&type=1&oid=300493760&mode=3
118774871424,2022.06.30.02.40.45,4890593,阿盐是只喵,好的捏,https://api.bilibili.com/x/v2/reply/reply?pn=1&type=1&oid=300493760&mode=3&root=118773496528&type=1
118721008448,2022.06.29.18.38.08,272839737,灼烧的黎明,真的那时听你说要搞这个都特别担心阿盐身体健康的,https://api.bilibili.com/x/v2/reply?pn=1&type=1&oid=300493760&mode=3
118722433120,2022.06.29.18.49.02,4890593,阿盐是只喵,谢谢关心,https://api.bilibili.com/x/v2/reply/reply?pn=1&type=1&oid=300493760&mode=3&root=118721008448&type=1
118704573712,2022.06.29.16.05.51,3574010,SaDaKo_贞子,盐盐🧂真好看！！！,https://api.bilibili.com/x/v2/reply?pn=1&type=1&oid=300493760&mode=3
118705462016,2022.06.29.16.15.19,4890593,阿盐是只喵,[给心心][给心心],https://api.bilibili.com/x/v2/reply/reply?pn=1&type=1&oid=300493760&mode=3&root=118704573712&type=1
118693866112,2022.06.29.14.05.02,10631778,李知恩的小宝贝ss,你的观点确实很对，可是老干妈的辣味并不能为广东肠粉提鲜反而黄焖鸡米饭更让我感觉吃得放心太阳从东边升起的时候也代表她会从西边落下就算小头爸爸不是大耳朵图图的亲生父亲我还是认为她不应该偷猪猪侠的超级棒棒糖,https://api.bilibili.com/x/v2/reply?pn=1&type=1&oid=300493760&mode=3
118695304672,2022.06.29.14.19.58,4890593,阿盐是只喵,看饿了,https://api.bilibili.com/x/v2/reply/reply?pn=1&type=1&oid=300493760&mode=3&root=118693866112&type=1
118695250176,2022.06.29.14.20.34,10631778,李知恩的小宝贝ss,回復 @阿盐是只喵 :hhhhhhhh点！,https://api.bilibili.com/x/v2/reply/reply?pn=1&type=1&oid=300493760&mode=3&root=118693866112&type=1
118690697248,2022.06.29.13.33.37,424481491,路过的汤小圆,[doge][脱单doge],https://api.bilibili.com/x/v2/reply?pn=1&type=1&oid=300493760&mode=3
118690911760,2022.06.29.13.35.11,424481491,路过的汤小圆,坏水，搞的盐感冒😷,https://api.bilibili.com/x/v2/reply/reply?pn=1&type=1&oid=300493760&mode=3&root=118690697248&type=1
118692976944,2022.06.29.13.55.07,4890593,阿盐是只喵,回复 @路过的汤小圆 :坏,https://api.bilibili.com/x/v2/reply/reply?pn=1&type=1&oid=300493760&mode=3&root=118690697248&type=1
118674470768,2022.06.29.11.15.48,38070604,清澈果汁,这是我不付费能看的东西吗[tv_吐血][tv_吐血][tv_吐血][tv_吐血],https://api.bilibili.com/x/v2/reply?pn=1&type=1&oid=300493760&mode=3
118674317296,2022.06.29.11.14.52,368042752,惊吓扳机i,还是有个疑问从小到大，水下咋睁眼的[笑哭][笑哭][笑哭],https://api.bilibili.com/x/v2/reply?pn=1&type=1&oid=300493760&mode=3
118690647712,2022.06.29.13.32.11,424481491,路过的汤小圆,还是有个疑问从小到大，水下咋睁眼的[笑哭][笑哭][笑哭],https://api.bilibili.com/x/v2/reply/reply?pn=1&type=1&oid=300493760&mode=3&root=118674317296&type=1
118692788352,2022.06.29.13.54.17,4890593,阿盐是只喵,把眼皮打开就睁开了,https://api.bilibili.com/x/v2/reply/reply?pn=1&type=1&oid=300493760&mode=3&root=118674317296&type=1
118696170576,2022.06.29.14.29.53,368042752,惊吓扳机i,回复 @阿盐是只喵 :次次睁开都可难受了[大哭],https://api.bilibili.com/x/v2/reply/reply?pn=1&type=1&oid=300493760&mode=3&root=118674317296&type=1
118696393328,2022.06.29.14.33.01,4890593,阿盐是只喵,回复 @惊吓扳机i :没事别睁，又看不清,https://api.bilibili.com/x/v2/reply/reply?pn=1&type=1&oid=300493760&mode=3&root=118674317296&type=1
118721467200,2022.06.29.18.41.19,272839737,灼烧的黎明,我也想问水下是怎么睁眼的,https://api.bilibili.com/x/v2/reply/reply?pn=1&type=1&oid=300493760&mode=3&root=118674317296&type=1
118672870512,2022.06.29.11.00.16,49837588,恐惧魔王K0ngjumow4ng,这一套好好看啊，而且水下写真也非常特别，一定会是一次难忘的经历的,https://api.bilibili.com/x/v2/reply?pn=1&type=1&oid=300493760&mode=3
118692989712,2022.06.29.13.55.30,4890593,阿盐是只喵,是的！！虽然生病了但是作为纪念也很值得啦,https://api.bilibili.com/x/v2/reply/reply?pn=1&type=1&oid=300493760&mode=3&root=118672870512&type=1
118669880912,2022.06.29.10.27.11,9615943,摸鱼少女士力架,好美捏[2233塔罗牌_比心心],https://api.bilibili.com/x/v2/reply?pn=1&type=1&oid=300493760&mode=3
118692980656,2022.06.29.13.55.14,4890593,阿盐是只喵,啾咪,https://api.bilibili.com/x/v2/reply/reply?pn=1&type=1&oid=300493760&mode=3&root=118669880912&type=1
118665224624,2022.06.29.09.30.17,217992941,TRRSK,[tv_点赞],https://api.bilibili.com/x/v2/reply?pn=1&type=1&oid=300493760&mode=3
118663393664,2022.06.29.09.07.29,6733766,小殇丶D,[tv_点赞]好看,https://api.bilibili.com/x/v2/reply?pn=1&type=1&oid=300493760&mode=3
118692866128,2022.06.29.13.55.34,4890593,阿盐是只喵,嘿嘿,https://api.bilibili.com/x/v2/reply/reply?pn=1&type=1&oid=300493760&mode=3&root=118663393664&type=1
