133108961088,2022.10.10.11.30.19,4890593,阿盐是只喵,"身在海外的小伙伴想跟国内朋友开黑？现在可以领取UU的海外免费时长哦~领取方式：打开UU客户端——点击我的卡包——使用兑换券，输入owgl仅限非会员的用户可以领取哦~",https://api.bilibili.com/x/v2/reply/main?jsonp=jsonp&type=1&oid=558978076&mode=3
133972698608,2022.10.17.19.03.21,89627703,无语l凝噎,所有职责到底怎么完成啊，选什么职责，模式啊,https://api.bilibili.com/x/v2/reply/reply?pn=1&type=1&oid=558978076&mode=3&root=133108961088&type=1
135901442304,2022.11.02.09.37.35,419209864,普通且自信__,还剩34天，等级六级，还有机会吗,https://api.bilibili.com/x/v2/reply/reply?pn=1&type=1&oid=558978076&mode=3&root=133108961088&type=1
136737305328,2022.11.08.19.00.22,102616067,正义联盟实习生,今天买的话能不能打到源氏皮肤啊？,https://api.bilibili.com/x/v2/reply?pn=1&type=1&oid=558978076&mode=3
136126081760,2022.11.04.00.44.01,333026666,要当就当万豪王,今天还来得及吗[大哭],https://api.bilibili.com/x/v2/reply?pn=1&type=1&oid=558978076&mode=3
136126856272,2022.11.04.00.53.47,4890593,阿盐是只喵,赛季过了一半我两个号一起刷都已经70级了，每天打一打可以的,https://api.bilibili.com/x/v2/reply/reply?pn=1&type=1&oid=558978076&mode=3&root=136126081760&type=1
135644867344,2022.10.31.07.24.49,555220136,大住子,住校没时间打了，这个通行证持续到什么时候？看看要不要920买满,https://api.bilibili.com/x/v2/reply?pn=1&type=1&oid=558978076&mode=3
136188821520,2022.11.04.16.11.27,216697663,故荣我,还不如给我打，高级战令4r一级。打满才300多。还是手打[呲牙],https://api.bilibili.com/x/v2/reply/reply?pn=1&type=1&oid=558978076&mode=3&root=135644867344&type=1
135224602880,2022.10.27.23.31.19,166189270,Y1nshuan9丶,我就想上到50要个kiriko🥵🥵,https://api.bilibili.com/x/v2/reply?pn=1&type=1&oid=558978076&mode=3
134892353104,2022.10.25.09.46.46,38811935,猎空和闪光,昨天战令80级了，然后就发现完全没有玩下去的动力了，我玩一把快速相当于什么都不给，队友坑了还坐牢，一点都不快乐，以前打快速娱乐输了还有经验升级给箱子。,https://api.bilibili.com/x/v2/reply?pn=1&type=1&oid=558978076&mode=3
134926629280,2022.10.25.15.30.22,350347539,九天-离阁,大佬是怎么打这么快的 有无经验传授一下 （纯萌新QAQ）,https://api.bilibili.com/x/v2/reply/reply?pn=1&type=1&oid=558978076&mode=3&root=134892353104&type=1
135041399136,2022.10.26.14.00.51,38811935,猎空和闪光,回复 @九天-离阁 :我一直都有朋友双三排，可能快一点，也是一天2小时左右，日常和周常一个也没落下。,https://api.bilibili.com/x/v2/reply/reply?pn=1&type=1&oid=558978076&mode=3&root=134892353104&type=1
134747597872,2022.10.24.01.06.33,172014651,coldhartT_T,萌新问一下现在还值得买战令吗，我现在25级玩了好几天（大学生每天晚上都有空玩）还有这个白嫖是什么意思，跟apex一样吗，是的话我就冲了。还有完成战令的话就是每天做日常任务还有周任务就可以了是吗。,https://api.bilibili.com/x/v2/reply?pn=1&type=1&oid=558978076&mode=3
134749399728,2022.10.24.01.30.31,4890593,阿盐是只喵,我身边朋友每天玩的很多已经70多级了，赛季还有44天，如果你确定每天都有空玩肯定是能肝满的。然后你说的“白嫖”我没理解指的是什么,https://api.bilibili.com/x/v2/reply/reply?pn=1&type=1&oid=558978076&mode=3&root=134747597872&type=1
134750001008,2022.10.24.01.40.04,172014651,coldhartT_T,回复 @阿盐是只喵 :就是跟apex战令一样是可以续杯的吗，我看有的评论说ow战令也会给金币的。,https://api.bilibili.com/x/v2/reply/reply?pn=1&type=1&oid=558978076&mode=3&root=134747597872&type=1
134750021552,2022.10.24.01.41.11,172014651,coldhartT_T,回复 @阿盐是只喵 :确实每天都能玩几个小时，但是玩的话只是玩吗，还是我需要盯着任务去做呢。,https://api.bilibili.com/x/v2/reply/reply?pn=1&type=1&oid=558978076&mode=3&root=134747597872&type=1
134754941760,2022.10.24.04.25.10,4890593,阿盐是只喵,回复 @coldhartT_T :视频里说了，做周常有给金币啊。金币就可以用来买战令。,https://api.bilibili.com/x/v2/reply/reply?pn=1&type=1&oid=558978076&mode=3&root=134747597872&type=1
134754798784,2022.10.24.04.25.43,4890593,阿盐是只喵,回复 @coldhartT_T :你问的我视频里都说过了[尴尬],https://api.bilibili.com/x/v2/reply/reply?pn=1&type=1&oid=558978076&mode=3&root=134747597872&type=1
134760851312,2022.10.24.08.11.27,172014651,coldhartT_T,回复 @阿盐是只喵 :长视频我都没看完的来着……看了前面那段，你分了三段，我的我的,https://api.bilibili.com/x/v2/reply/reply?pn=1&type=1&oid=558978076&mode=3&root=134747597872&type=1
134362013776,2022.10.21.02.51.43,182478380,別这里发癫,80了，打了一百多把好像，赛季任务应该是差四个，感觉还挺轻松的，搞得我都想接代肝了,https://api.bilibili.com/x/v2/reply?pn=1&type=1&oid=558978076&mode=3
134140376384,2022.10.19.08.56.32,228168103,安可Qsmd,30多级才升级高级战令，之前的20％还会补嘛,https://api.bilibili.com/x/v2/reply?pn=1&type=1&oid=558978076&mode=3
135138276256,2022.10.27.10.33.58,443444597,在下铅笔君,不会,https://api.bilibili.com/x/v2/reply/reply?pn=1&type=1&oid=558978076&mode=3&root=134140376384&type=1
135138235696,2022.10.27.10.34.40,228168103,安可Qsmd,回复 @在下铅笔君 :谢谢,https://api.bilibili.com/x/v2/reply/reply?pn=1&type=1&oid=558978076&mode=3&root=134140376384&type=1
134131695200,2022.10.19.04.20.40,44204198,ニニヨ,没事，我就每天日常最多了，玩不满就不买，暴雪比我急,https://api.bilibili.com/x/v2/reply?pn=1&type=1&oid=558978076&mode=3
134128323824,2022.10.19.02.02.32,34779195,费城詹姆斯,新玩家 有没有兄弟说一下高级战令值不值得买 今天刚过40级,https://api.bilibili.com/x/v2/reply?pn=1&type=1&oid=558978076&mode=3
134854933216,2022.10.24.22.33.28,425800,奈何Lee,前天刚回归，赛季如果能刷到80级，还是值得买的，60块钱能换一堆表情动作语音皮肤，还有20%结算经验加成更容易刷等级,https://api.bilibili.com/x/v2/reply/reply?pn=1&type=1&oid=558978076&mode=3&root=134128323824&type=1
134082568848,2022.10.18.18.57.26,30501358,无暇新稻叶,这一期的战令多久结束？,https://api.bilibili.com/x/v2/reply?pn=1&type=1&oid=558978076&mode=3
134075071344,2022.10.18.17.52.51,21970554,QIZSAMA,我卡bug了 周常两个抗伤打伤的不涨,https://api.bilibili.com/x/v2/reply?pn=1&type=1&oid=558978076&mode=3
134019919568,2022.10.18.04.51.17,300084177,神经细胞哎哎哎,要是暴雪把每日任务和周任务改成人机也能完成就好了，还有要求组队的任务对我这个社恐玩家真的很难[笑哭],https://api.bilibili.com/x/v2/reply?pn=1&type=1&oid=558978076&mode=3
134020165056,2022.10.18.04.58.45,4890593,阿盐是只喵,心疼你，不过我感觉这种团队游戏还是要有人一起开黑才乐趣多多啦~,https://api.bilibili.com/x/v2/reply/reply?pn=1&type=1&oid=558978076&mode=3&root=134019919568&type=1
134019592528,2022.10.18.04.26.27,1980218045,-PurpleBubbles,其实只肝80级还是很轻松的，但是他满级200级有头衔，我们收集控玩家就要爆肝，他那头衔整成箱子也行啊，随机获得一款以前老皮肤,https://api.bilibili.com/x/v2/reply?pn=1&type=1&oid=558978076&mode=3
133971322656,2022.10.17.18.51.02,13462022,一夜空中最亮的星一,我拿着肝的时间多上两天班 直接就拉满了 我肝个屁,https://api.bilibili.com/x/v2/reply?pn=1&type=1&oid=558978076&mode=3
133949507888,2022.10.17.15.06.04,391774074,-TOT-l,我的评价是折磨[吃瓜]而且这战令好像还不是永动机吧，每一期想要都得买[吃瓜]讲真，现在上游戏是没啥动力，不知道玩啥以前还为了打箱子上去玩几下。现在这脑弹任务[吃瓜],https://api.bilibili.com/x/v2/reply?pn=1&type=1&oid=558978076&mode=3
133944481616,2022.10.17.13.59.32,202440958,幻影ふじょし,已经68级了,https://api.bilibili.com/x/v2/reply?pn=1&type=1&oid=558978076&mode=3
133949390912,2022.10.17.15.03.16,391774074,-TOT-l,老哥你在打了多久啊[跪了]我感觉这战令太折磨了，而且好像还不是通行证永动机。。,https://api.bilibili.com/x/v2/reply/reply?pn=1&type=1&oid=558978076&mode=3&root=133944481616&type=1
133951383568,2022.10.17.15.28.58,202440958,幻影ふじょし,回复 @蓝色鳕渔ono :除非你全部打满然后两个赛季才可能嫖一个,https://api.bilibili.com/x/v2/reply/reply?pn=1&type=1&oid=558978076&mode=3&root=133944481616&type=1
133951358400,2022.10.17.15.29.40,202440958,幻影ふじょし,回复 @蓝色鳕渔ono :刚出那天开始的，天天晚上玩,https://api.bilibili.com/x/v2/reply/reply?pn=1&type=1&oid=558978076&mode=3&root=133944481616&type=1
133868292560,2022.10.16.20.09.16,697485936,-BARBI,问一下，任务卡在零不动了怎么办，有解决的兄弟踢我,https://api.bilibili.com/x/v2/reply?pn=1&type=1&oid=558978076&mode=3
133839225632,2022.10.16.15.43.27,11253169,唔西狄希,我见过最难的战令,https://api.bilibili.com/x/v2/reply?pn=1&type=1&oid=558978076&mode=3
133826912496,2022.10.16.13.44.13,414839962,风纪委员绿坝娘,一周只能玩半天，但是好想玩新角色，买个战令是不是太亏了,https://api.bilibili.com/x/v2/reply?pn=1&type=1&oid=558978076&mode=3
133812513424,2022.10.16.11.49.04,483761977,Cherrslove,买了战令对升级有什么加成吗,https://api.bilibili.com/x/v2/reply?pn=2&type=1&oid=558978076&mode=3
133826535744,2022.10.16.13.41.15,414839962,风纪委员绿坝娘,20%加成，应该是每局结算的多给，任务还是那么多经验,https://api.bilibili.com/x/v2/reply/reply?pn=1&type=1&oid=558978076&mode=3&root=133812513424&type=1
133739508000,2022.10.15.20.22.16,52479529,芳心粽伙饭,造成强化125000伤害那个，我怎么打都是零，真的服了，bug吗,https://api.bilibili.com/x/v2/reply?pn=2&type=1&oid=558978076&mode=3
133739806688,2022.10.15.20.24.17,4890593,阿盐是只喵,排队的时候不要进突击或者死斗,https://api.bilibili.com/x/v2/reply/reply?pn=1&type=1&oid=558978076&mode=3&root=133739508000&type=1
133750245088,2022.10.15.21.43.52,52479529,芳心粽伙饭,回复 @阿盐是只喵 :没进呀,https://api.bilibili.com/x/v2/reply/reply?pn=1&type=1&oid=558978076&mode=3&root=133739508000&type=1
133752387216,2022.10.15.22.00.43,52479529,芳心粽伙饭,回复 @阿盐是只喵 :呜呜呜要崩溃了除了竞技都玩了，一点都不涨，排队就乖乖的等，还是没用[Cat2_Launch!],https://api.bilibili.com/x/v2/reply/reply?pn=1&type=1&oid=558978076&mode=3&root=133739508000&type=1
133770423056,2022.10.16.00.16.23,4890593,阿盐是只喵,回复 @芳心粽伙饭 :那就不清楚了…,https://api.bilibili.com/x/v2/reply/reply?pn=1&type=1&oid=558978076&mode=3&root=133739508000&type=1
133701663968,2022.10.15.15.04.05,8540909,快要爆发的VOLCANO,【最强防守】图标是C的图标但是又说强化或造成伤害，我打了C还是0？求大佬解释一下哭死,https://api.bilibili.com/x/v2/reply?pn=2&type=1&oid=558978076&mode=3
133701572768,2022.10.15.15.02.35,8540909,快要爆发的VOLCANO,周常的【职责精通】快速或竞技以两个职位赢十把，是什么意思呢？一把内换两种不同的职位还是两个职位各赢十把？求大佬解释真的读不懂哭死了,https://api.bilibili.com/x/v2/reply?pn=2&type=1&oid=558978076&mode=3
133702584464,2022.10.15.15.12.38,4890593,阿盐是只喵,各赢10把,https://api.bilibili.com/x/v2/reply/reply?pn=1&type=1&oid=558978076&mode=3&root=133701572768&type=1
133761466768,2022.10.15.23.06.59,12795714,ll璇玑ll,生涯任务里有三个职位各自赢的次数 每周开始前看下目前的数 把俩职位各加十次就OK,https://api.bilibili.com/x/v2/reply/reply?pn=1&type=1&oid=558978076&mode=3&root=133701572768&type=1
133667005712,2022.10.15.10.03.24,1530469724,一只笙箫ya,监测站礼包不含20级，望周知,https://api.bilibili.com/x/v2/reply?pn=2&type=1&oid=558978076&mode=3
133652804832,2022.10.15.05.52.04,39472033,Cabbage-_,全日常加周常，每日再打快速，已经肝完了兄弟们[脱单doge],https://api.bilibili.com/x/v2/reply?pn=2&type=1&oid=558978076&mode=3
133623402064,2022.10.14.22.14.01,12256293,常盘台中学,谁能告诉我，使用两个职责赢得十场比赛0/2啥意思,https://api.bilibili.com/x/v2/reply?pn=2&type=1&oid=558978076&mode=3
133625106272,2022.10.14.22.27.17,4890593,阿盐是只喵,玩辅助/输出/坦克这三个之中三选二，要赢十场。比如用辅助赢了10局，就会给你算一次,https://api.bilibili.com/x/v2/reply/reply?pn=1&type=1&oid=558978076&mode=3&root=133623402064&type=1
133625342672,2022.10.14.22.28.59,224619449,Hnalbebh,三个职责某个职责赢了十吧这里就会加一,https://api.bilibili.com/x/v2/reply/reply?pn=1&type=1&oid=558978076&mode=3&root=133623402064&type=1
133761718368,2022.10.15.23.09.03,12795714,ll璇玑ll,生涯任务里有三个职位各自赢的次数 每周开始前看下目前的数 把俩职位各加十次就OK,https://api.bilibili.com/x/v2/reply/reply?pn=1&type=1&oid=558978076&mode=3&root=133623402064&type=1
133622700080,2022.10.14.22.08.57,12256293,常盘台中学,说个简单的，每天打两把街机，单数天团队死斗双数天选5v5随便哪个地图都行，玩t拿毛妹/路霸/奥莉莎，玩奶拿雾子/安娜/天使，每天都上线打两三局肯定能赢一把，完成每日任务再加上游戏经验一共1w多经验升一级，赛季六十天就能升60级，周末有空了跟朋友一起玩两三个点顺便把周常做了每周能升三四级，加一起一定可以在赛季结束前到达80级拿到赛博恶灵[呲牙],https://api.bilibili.com/x/v2/reply?pn=2&type=1&oid=558978076&mode=3
133548908912,2022.10.14.10.34.29,7240279,伪-真龙闪华,更新成归来后这玩意是不是很吃显卡和CPU？我3060TI以前玩OW1和其他steam上的3A都没啥事，就玩这游戏显卡温度很高……,https://api.bilibili.com/x/v2/reply?pn=2&type=1&oid=558978076&mode=3
133548375296,2022.10.14.10.28.08,33979297,ツ所念皆星河ツ,这个宝典的肝度堪比腾讯小蜜蜂，甚至比腾讯小蜜蜂还难肝，等级直接不动的，一天玩3个小时升3级[大笑]太墨迹了，这种东西应该给两个月时间然后保证玩家玩1个月就能拿到所有奖励,https://api.bilibili.com/x/v2/reply?pn=2&type=1&oid=558978076&mode=3
133541974992,2022.10.14.09.13.51,233223411,LIMSTON,每天打打日常就行了，周常太难做了，9周也太短了。战令也是，满级了就买，没满级就不买,https://api.bilibili.com/x/v2/reply?pn=2&type=1&oid=558978076&mode=3
133499901888,2022.10.13.21.29.37,96499886,WorkingCoder,建议别买，主T和奶玩家5V5这几天坐牢给我干的够呛，什么脑血栓才会想出5V5[吐],https://api.bilibili.com/x/v2/reply?pn=2&type=1&oid=558978076&mode=3
133462206960,2022.10.13.15.45.57,6332588,叁阳花贰莘,工作日打一两把，周末小肝一下,https://api.bilibili.com/x/v2/reply?pn=2&type=1&oid=558978076&mode=3
133461220096,2022.10.13.15.33.07,3461564715764520,怎么绘世吖,拯救恩人的获得12次拯救怎么弄啊，天使吗,https://api.bilibili.com/x/v2/reply?pn=2&type=1&oid=558978076&mode=3
133532644608,2022.10.14.05.53.46,4890593,阿盐是只喵,辅助都可以拯救，每个判定不太一样。我玩雾子平均一局可以救5次左右。,https://api.bilibili.com/x/v2/reply/reply?pn=1&type=1&oid=558978076&mode=3&root=133461220096&type=1
133442042768,2022.10.13.12.08.37,425145826,sdoricaman,战令任务真没有20%加成吗？今天我打1v1，完成了一个周任务一个每日任务，最后加了一万零四百经验，但任务只有8000，相当于游戏加了2400经验，这不可能啊。,https://api.bilibili.com/x/v2/reply?pn=2&type=1&oid=558978076&mode=3
133449089200,2022.10.13.13.08.45,4890593,阿盐是只喵,这个算不清的，但大概率没有。我有一局一个任务都没有也拿了1350点经验。那一局里只有100完成比赛、150获胜、100连续比赛，和组队加成20%、战令加成20%。这些怎么算都没有1350。应该是还有个隐藏的基础经验在里面,https://api.bilibili.com/x/v2/reply/reply?pn=1&type=1&oid=558978076&mode=3&root=133442042768&type=1
133430296240,2022.10.13.09.56.03,18417281,大月半冉子,初中和高中的小朋友都防沉迷根本肝不了哈哈哈哈哈,https://api.bilibili.com/x/v2/reply?pn=2&type=1&oid=558978076&mode=3
133424926272,2022.10.13.08.42.18,146993769,晓晗Hurl,50级了QAQ,https://api.bilibili.com/x/v2/reply?pn=2&type=1&oid=558978076&mode=3
133412544400,2022.10.13.01.23.23,98639073,阿渝不会瞄准,我已经六十级了令人感叹,https://api.bilibili.com/x/v2/reply?pn=2&type=1&oid=558978076&mode=3
133410506912,2022.10.13.00.49.13,2647487,鲲子の篮球,犹记得pubg刚出通行证是100级，后面蓝洞发现很多玩家根本肝不完连购买欲望都没有改成现在的50级……我也希望暴雪不要盲目自信，会玩这游戏爱玩这游戏的现在真是没有当初那么多了，我也是开服就立马冲了战令，买完发现这如果不天天玩哪能满级？如果以后不该经验获取数量或者调整等级我是再没一点购买欲望了,https://api.bilibili.com/x/v2/reply?pn=2&type=1&oid=558978076&mode=3
133410912336,2022.10.13.00.55.57,4890593,阿盐是只喵,如果能降低点肝度我也觉得蛮好的[笑哭]我两个号打得心累,https://api.bilibili.com/x/v2/reply/reply?pn=1&type=1&oid=558978076&mode=3&root=133410506912&type=1
133418971552,2022.10.13.06.01.36,1365732420,站前老人,我准备下赛季不玩了，亚服号已经卖了[热],https://api.bilibili.com/x/v2/reply/reply?pn=1&type=1&oid=558978076&mode=3&root=133410506912&type=1
133760458032,2022.10.15.23.00.05,37741162,风干香蕉,等级无所谓的，主要是策划能给玩家肝得轻松愉快大家就都愿意氪，R6也是100级，随便打打就满了，PUBG想起维寒迪赛季那个通行证真的肝死人 [吐],https://api.bilibili.com/x/v2/reply/reply?pn=1&type=1&oid=558978076&mode=3&root=133410506912&type=1
133945503872,2022.10.17.14.13.59,38924359,薰为一生所爱,别尬黑，80级非常轻松就可以搞完。如果你说后面到200级的称号，我只能说绝大部分人应该是没啥兴趣的。,https://api.bilibili.com/x/v2/reply/reply?pn=1&type=1&oid=558978076&mode=3&root=133410506912&type=1
134055818624,2022.10.18.14.06.00,472573570,一个强大的小号,一点也不肝呀，刚开始一堆人搁哪说55级解锁雾子，都在那说肝，实际升55级跟LOL买两个6300差不多,https://api.bilibili.com/x/v2/reply/reply?pn=1&type=1&oid=558978076&mode=3&root=133410506912&type=1
134056022032,2022.10.18.14.07.41,472573570,一个强大的小号,回复 @风干香蕉 :守望的战令和炉石传说战令差不多的，随便做做任务就可以溢出等级了,https://api.bilibili.com/x/v2/reply/reply?pn=1&type=1&oid=558978076&mode=3&root=133410506912&type=1
134084256176,2022.10.18.19.11.45,220459889,桔梗姐姐我女神,回复 @薰为一生所爱 :每日任务打完可以到80吗？能的话不想打周常了，折磨,https://api.bilibili.com/x/v2/reply/reply?pn=1&type=1&oid=558978076&mode=3&root=133410506912&type=1
134129001120,2022.10.19.02.23.16,147067109,教练我想锯木头,回复 @桔梗姐姐我女神 :一天你就算一级，打不完,https://api.bilibili.com/x/v2/reply/reply?pn=1&type=1&oid=558978076&mode=3&root=133410506912&type=1
134164200768,2022.10.19.13.08.05,38924359,薰为一生所爱,回复 @桔梗姐姐我女神 :可以，我基本上没有刻意完成周任务，你总会完成一些的，奶、肉、c、随机赢十把以及肉抗伤害、奶奶够6万啥的，这种，哪怕你只玩一个位置多少都有，我现在快60级了，轻轻松松属于是。,https://api.bilibili.com/x/v2/reply/reply?pn=1&type=1&oid=558978076&mode=3&root=133410506912&type=1
134164455808,2022.10.19.13.10.42,220459889,桔梗姐姐我女神,回复 @薰为一生所爱 :我现在45级,https://api.bilibili.com/x/v2/reply/reply?pn=1&type=1&oid=558978076&mode=3&root=133410506912&type=1
134233900656,2022.10.19.23.52.12,89265831,卫剑尘,回复 @薰为一生所爱 :我玩了五天咋才16级呢,https://api.bilibili.com/x/v2/reply/reply?pn=1&type=1&oid=558978076&mode=3&root=133410506912&type=1
134234474704,2022.10.19.23.57.52,316197033,浩然皮的很,回复 @桔梗姐姐我女神 : 能，你每日都打了，周任务顺便就完成了好几个了,https://api.bilibili.com/x/v2/reply/reply?pn=1&type=1&oid=558978076&mode=3&root=133410506912&type=1
134290865424,2022.10.20.15.07.56,38924359,薰为一生所爱,回复 @卫剑尘 :哥们你这，我就不知道啥情况了，有点等级太离谱了吧，我已经65级了。0.0，组队有20%加成买了通行证有20%，你这稍微多打点吧，我怀疑你可能每次任务都差一点？,https://api.bilibili.com/x/v2/reply/reply?pn=1&type=1&oid=558978076&mode=3&root=133410506912&type=1
134304157856,2022.10.20.17.37.43,89265831,卫剑尘,回复 @薰为一生所爱 :估计是的。。。我打算满级再买战令来着,https://api.bilibili.com/x/v2/reply/reply?pn=1&type=1&oid=558978076&mode=3&root=133410506912&type=1
134940390928,2022.10.25.17.47.40,325403510,愚蠢的笨笨熊,回复 @一个强大的小号 :lol是怎么获得那么多精粹的，每天只有首胜50和包厢10，新手，能透露一下怎么在两个星期获得那么多精粹吗,https://api.bilibili.com/x/v2/reply/reply?pn=1&type=1&oid=558978076&mode=3&root=133410506912&type=1
135764139216,2022.11.01.03.08.22,258868479,沙沙的猪猪,回复 @风干香蕉 :我还记得开蹦蹦500km那个任务，绝了,https://api.bilibili.com/x/v2/reply/reply?pn=1&type=1&oid=558978076&mode=3&root=133410506912&type=1
133404438640,2022.10.12.23.46.44,5904204,虚荣-小天杏,战令好烦啊，华花了钱还得坐牢一样做任务,https://api.bilibili.com/x/v2/reply?pn=2&type=1&oid=558978076&mode=3
133405357952,2022.10.12.23.55.02,4890593,阿盐是只喵,可以不做任务，都是些个性化配置而已,https://api.bilibili.com/x/v2/reply/reply?pn=1&type=1&oid=558978076&mode=3&root=133404438640&type=1
133379180240,2022.10.12.20.14.02,2064348,唯唯诺诺老师,07:16    这是我听过今年最好笑的笑话  你说大学生时间自由，这个我不反驳，因为确实有人一天天也不去上课，就在宿舍打游戏 但你说工作的人时间自由，那我觉得你真是有点异想天开了   白天上班没上够，晚上回游戏继续上班是吧？[微笑],https://api.bilibili.com/x/v2/reply?pn=3&type=1&oid=558978076&mode=3
133380794624,2022.10.12.20.28.58,4890593,阿盐是只喵,你都没仔细听就跑来抬杠，闲得无聊是吧？我说的是跟还在读初高中的学生相比，相对自由一下。难道不对吗？成年人难道不比未成年更有分配自己时间的权利？你真是没事找事,https://api.bilibili.com/x/v2/reply/reply?pn=1&type=1&oid=558978076&mode=3&root=133379180240&type=1
133381134896,2022.10.12.20.30.34,2064348,唯唯诺诺老师,回复 @阿盐是只喵 :正确的，中立的  有参考性的 [滑稽],https://api.bilibili.com/x/v2/reply/reply?pn=1&type=1&oid=558978076&mode=3&root=133379180240&type=1
133379143024,2022.10.12.20.13.01,2064348,唯唯诺诺老师,"还有奉全科为一句玩游戏是为了高兴，不是为了打游戏的上班 尤其是花钱在游戏里上班，那简直就是最愚蠢的行为  
如果说你觉得玩的很开心，一点也不坐牢，你能接受这个模式，那你就买 不然的话，我建议立刻卸载战网",https://api.bilibili.com/x/v2/reply?pn=3&type=1&oid=558978076&mode=3
133378876656,2022.10.12.20.12.18,2064348,唯唯诺诺老师,作为2016年第一批买守望先锋的老玩家，我就想说一句 如果你是新玩家的话，先不要买战令，先玩一会儿   如果你愿意每天都玩的话，你就买，不然的话，体验体验就可以把游戏删了  我最初开始玩这个游戏，就是因为这个游戏不像传统的射击游戏，有很多角色根本就不需要拿枪  射的不准也能玩的很高兴   现在这个游戏改得越来越偏向于竞技  对于打枪不准的玩家来说，非常的坐牢，无论你是玩什么位置   我要是打枪准，我为什么要玩守望先锋？属于是自相矛盾了[微笑],https://api.bilibili.com/x/v2/reply?pn=3&type=1&oid=558978076&mode=3
133381039856,2022.10.12.20.31.18,4890593,阿盐是只喵,我尊重你有自己的观点，但是请你不要把话说得这么绝对。你可以提建议但是至少要尊重其他人的想法，别上来就觉得自己是对的别人是错的。,https://api.bilibili.com/x/v2/reply/reply?pn=1&type=1&oid=558978076&mode=3&root=133378876656&type=1
133388817072,2022.10.12.21.38.22,2064348,唯唯诺诺老师,回复 @阿盐是只喵 :[给心心] 你说的非常对捏,https://api.bilibili.com/x/v2/reply/reply?pn=1&type=1&oid=558978076&mode=3&root=133378876656&type=1
133370880512,2022.10.12.19.01.17,13887046,不过只是一只呆唯,周常那个输出和抵挡不知道为啥不加进度,https://api.bilibili.com/x/v2/reply?pn=3&type=1&oid=558978076&mode=3
133372163376,2022.10.12.19.12.27,4890593,阿盐是只喵,排队别进死斗或突击，有bug,https://api.bilibili.com/x/v2/reply/reply?pn=1&type=1&oid=558978076&mode=3&root=133370880512&type=1
133399134336,2022.10.12.23.02.43,13887046,不过只是一只呆唯,回复 @阿盐是只喵 :我没进过，我那个进度怎么打都是0,https://api.bilibili.com/x/v2/reply/reply?pn=1&type=1&oid=558978076&mode=3&root=133370880512&type=1
133370248112,2022.10.12.18.56.32,108049370,你爹地3,我现在通行证43级了  再来2个星期就能满级了,https://api.bilibili.com/x/v2/reply?pn=3&type=1&oid=558978076&mode=3
133368486240,2022.10.12.18.40.57,389401829,小楼夜轻寒,日常还行，周常任务可太难全部完成了[灵魂出窍],https://api.bilibili.com/x/v2/reply?pn=3&type=1&oid=558978076&mode=3
133367862144,2022.10.12.18.36.39,15048753,悠天酱,索命狂徒怎么做，100消灭的日常,https://api.bilibili.com/x/v2/reply?pn=3&type=1&oid=558978076&mode=3
133372071712,2022.10.12.19.12.43,4890593,阿盐是只喵,玩c,https://api.bilibili.com/x/v2/reply/reply?pn=1&type=1&oid=558978076&mode=3&root=133367862144&type=1
133382115920,2022.10.12.20.39.42,32939715,KokariChiu,猩猩，不吃瞄准,https://api.bilibili.com/x/v2/reply/reply?pn=1&type=1&oid=558978076&mode=3&root=133367862144&type=1
133593340048,2022.10.14.18.09.18,15048753,悠天酱,回复 @阿盐是只喵 :消灭了不计数,https://api.bilibili.com/x/v2/reply/reply?pn=1&type=1&oid=558978076&mode=3&root=133367862144&type=1
133355085632,2022.10.12.16.27.24,602229689,bili_50080644776,那个  2种职责获胜  是指什么,https://api.bilibili.com/x/v2/reply?pn=3&type=1&oid=558978076&mode=3
133365641632,2022.10.12.18.16.35,4890593,阿盐是只喵,一个位置赢10场,https://api.bilibili.com/x/v2/reply/reply?pn=1&type=1&oid=558978076&mode=3&root=133355085632&type=1
133354734656,2022.10.12.16.23.11,628935161,安浅浅浅浅,今天已经爆肝到57辣[脱单doge],https://api.bilibili.com/x/v2/reply?pn=3&type=1&oid=558978076&mode=3
133352175056,2022.10.12.15.50.57,249346745,枫踏桃花归,买了战令再买检测站礼包重复的战令会变成什么,https://api.bilibili.com/x/v2/reply?pn=3&type=1&oid=558978076&mode=3
133348184464,2022.10.12.15.00.03,1922205,重庆麻辣Tom,一句话攻略 先做日常再周常再赛季，没了,https://api.bilibili.com/x/v2/reply?pn=3&type=1&oid=558978076&mode=3
133342317328,2022.10.12.13.45.28,569284,拭目以待3,正常人打到55级就行了。拿完新人物走人。感觉拿不到的人一开始别玩,https://api.bilibili.com/x/v2/reply?pn=3&type=1&oid=558978076&mode=3
133379418848,2022.10.12.20.16.07,2064348,唯唯诺诺老师,你每天玩两个小时，大概只需要三周就足够了 [微笑]暴雪可真是太良心了,https://api.bilibili.com/x/v2/reply/reply?pn=1&type=1&oid=558978076&mode=3&root=133342317328&type=1
136061907584,2022.11.03.16.13.07,482726061,花都王者-曙光,听说拿不到雾子，下个赛季直接解锁？,https://api.bilibili.com/x/v2/reply/reply?pn=1&type=1&oid=558978076&mode=3&root=133342317328&type=1
133331960080,2022.10.12.12.05.25,640353758,五把刀你能振我,为什么打了半天周常伤害抵挡治疗三个任务动都没动,https://api.bilibili.com/x/v2/reply?pn=3&type=1&oid=558978076&mode=3
133352442176,2022.10.12.15.55.05,1775325,酸甜的橙子君,不能匹配的时候进突击或者死斗 不然任务会清掉 bug算是,https://api.bilibili.com/x/v2/reply/reply?pn=1&type=1&oid=558978076&mode=3&root=133331960080&type=1
133327339536,2022.10.12.11.17.39,42392885,Listen北北,国庆3天高强度，后几天下班浅玩，今天能50级咯[doge],https://api.bilibili.com/x/v2/reply?pn=3&type=1&oid=558978076&mode=3
133326097696,2022.10.12.11.02.50,9013724,有人叫我懒狗,其实要是9周，每周三天每日且每天10把，如果能三天做完周常，假设每回合往少了算是600经验，那最后也是900000经验，也能到90级，前提是能三天做完11个周常[热],https://api.bilibili.com/x/v2/reply?pn=3&type=1&oid=558978076&mode=3
133321728944,2022.10.12.10.11.04,93662395,我擦__大哥,每天9000日常任务加上周常溢出的5000算10000，再加上周常55000就是5级一周可以升12级，7周49天可以打满，赛季有60天，实际打绝对比我算的天数少肯定小于49天，开服到现在一周吧我打到30多级了我觉得我打的时间中等偏上吧。肝度如何见仁见智。战令加20%组队加20%升的更快。,https://api.bilibili.com/x/v2/reply?pn=3&type=1&oid=558978076&mode=3
133321218080,2022.10.12.10.03.56,92706452,一土洋芋,6天37级[脱单doge],https://api.bilibili.com/x/v2/reply?pn=3&type=1&oid=558978076&mode=3
133314775968,2022.10.12.08.35.04,5185762,东云索米,bug太多了 四天打了二三十个小时才20级,https://api.bilibili.com/x/v2/reply?pn=3&type=1&oid=558978076&mode=3
133304205168,2022.10.12.01.43.44,20203672,别网暴我惹,[保卫萝卜_白眼]6天40级,https://api.bilibili.com/x/v2/reply?pn=3&type=1&oid=558978076&mode=3
133302781728,2022.10.12.01.16.52,503266015,一壶雕翎箭,赞人也会给50经验，一把赞两个就100经验，整个赛季玩100把也就有1级经验了。,https://api.bilibili.com/x/v2/reply?pn=3&type=1&oid=558978076&mode=3
133302620496,2022.10.12.01.15.37,34461266,灵动时雨,"看教程前：合理分配时间
看完教程后：硬肝[脱单doge]",https://api.bilibili.com/x/v2/reply?pn=4&type=1&oid=558978076&mode=3
133303553232,2022.10.12.01.31.04,4890593,阿盐是只喵,找对办法就不叫硬肝啦[笑哭],https://api.bilibili.com/x/v2/reply/reply?pn=1&type=1&oid=558978076&mode=3&root=133302620496&type=1
133529980720,2022.10.14.03.07.59,349755550,阿飞--AFei,回复 @阿盐是只喵 :有计划的硬肝[doge],https://api.bilibili.com/x/v2/reply/reply?pn=1&type=1&oid=558978076&mode=3&root=133302620496&type=1
133530366080,2022.10.14.03.25.34,4890593,阿盐是只喵,回复 @阿飞--AFei :像我这种要打两个号的确实硬肝,https://api.bilibili.com/x/v2/reply/reply?pn=1&type=1&oid=558978076&mode=3&root=133302620496&type=1
133637072912,2022.10.14.23.59.05,37480049,電鋸刮胸毛,回复 @阿盐是只喵 :ow1末期入坑的太难了，尝到了补给箱的甜头但是ow2的死线一步步压过来眼看根本攒不了更多箱子然后ow2来了，又肝不动又没钱[大哭]ow1里光黑影就开了三个高品质皮肤，ow2我感觉我一年也入手不到两个高品质皮,https://api.bilibili.com/x/v2/reply/reply?pn=1&type=1&oid=558978076&mode=3&root=133302620496&type=1
133302261824,2022.10.12.01.07.05,503266015,一壶雕翎箭,35级了现在，感觉每周25级很简单。,https://api.bilibili.com/x/v2/reply?pn=4&type=1&oid=558978076&mode=3
133298839728,2022.10.12.00.24.00,391653309,GAME-XS,我建议是不建议新手去玩这个游戏，环境比OW1还要差上不少,https://api.bilibili.com/x/v2/reply?pn=4&type=1&oid=558978076&mode=3
133299706784,2022.10.12.00.33.47,4890593,阿盐是只喵,一个游戏是否能运营下去就取决于是否有新鲜血液。你不想着为环境贡献一份力反而不建议新手玩，那只能说你并不喜欢这个游戏。,https://api.bilibili.com/x/v2/reply/reply?pn=1&type=1&oid=558978076&mode=3&root=133298839728&type=1
133314617984,2022.10.12.08.31.47,377587153,北海道女武神沙优,回复 @阿盐是只喵 :这游戏就不能有太多新鲜血液，玩家一稍微多起来，暴雪就想着割大伙的韭菜骗氪。只有当这游戏半死不活的时候才能变成一个良心游戏，我不希望新手玩这游戏，一来整天游戏被新手坑的毫无游戏体验，二来也不知道是不是因为归来最近新玩家太多了，以至于暴雪一个旧皮就敢卖120。我想只有等几天归来又凉的差不多了，暴雪才会醒悟过来给补位货币。,https://api.bilibili.com/x/v2/reply/reply?pn=1&type=1&oid=558978076&mode=3&root=133298839728&type=1
133335639744,2022.10.12.12.37.25,4890593,阿盐是只喵,回复 @Beauty-Master :这是游戏深层次的问题，我不想跟你讨论,https://api.bilibili.com/x/v2/reply/reply?pn=1&type=1&oid=558978076&mode=3&root=133298839728&type=1
133336085856,2022.10.12.12.40.39,377587153,北海道女武神沙优,回复 @阿盐是只喵 :我反正希望这游戏的热度赶紧过去，回归到原来那种半死不活的样子，逼迫暴雪做出改变。甚至逼他们不得不做出来守望先锋怀旧服。,https://api.bilibili.com/x/v2/reply/reply?pn=1&type=1&oid=558978076&mode=3&root=133298839728&type=1
133378618368,2022.10.12.20.09.38,2064348,唯唯诺诺老师,回复 @阿盐是只喵 :那我真是笑死了，你觉得暴雪有一点点想把这个游戏做好的样子吗？ 老玩家基本都有的传说皮肤烂，大街的东西，守望先锋二直接卖120，你觉得合理吗？,https://api.bilibili.com/x/v2/reply/reply?pn=1&type=1&oid=558978076&mode=3&root=133298839728&type=1
133284106000,2022.10.11.22.17.18,13002084,易大衰,我从开服开始每天睡觉和上班时间挂机，回家玩三把清完日常就不管了玩别的，睡觉前又挂上，现在已经五十级了，这周基本就能拿到神话源氏了[微笑],https://api.bilibili.com/x/v2/reply?pn=4&type=1&oid=558978076&mode=3
133352438608,2022.10.12.15.54.57,497181312,双疯干涉,细嗦一下挂机你是怎么不被t出游戏的,https://api.bilibili.com/x/v2/reply/reply?pn=1&type=1&oid=558978076&mode=3&root=133284106000&type=1
133352513984,2022.10.12.15.56.56,13002084,易大衰,回复 @双疯干涉 :脚本挂死斗啊，又不影响别人,https://api.bilibili.com/x/v2/reply/reply?pn=1&type=1&oid=558978076&mode=3&root=133284106000&type=1
133352631872,2022.10.12.15.58.55,497181312,双疯干涉,回复 @易大衰 :那路阔拖,https://api.bilibili.com/x/v2/reply/reply?pn=1&type=1&oid=558978076&mode=3&root=133284106000&type=1
133275614992,2022.10.11.21.05.43,52085281,人活着就会饿,所以问下职责精通任务是什么意思看不懂[热词系列_知识增加],https://api.bilibili.com/x/v2/reply?pn=4&type=1&oid=558978076&mode=3
133277300848,2022.10.11.21.20.35,4890593,阿盐是只喵,具体描述的文字是什么？,https://api.bilibili.com/x/v2/reply/reply?pn=1&type=1&oid=558978076&mode=3&root=133275614992&type=1
133327926160,2022.10.12.11.22.56,22895512,赵敏mm,开放我不清楚，限定的话就是你在三个位置里面随便两个位置都要赢10把,https://api.bilibili.com/x/v2/reply/reply?pn=1&type=1&oid=558978076&mode=3&root=133275614992&type=1
133455211376,2022.10.13.14.17.50,8804562,快乐的熊,就是任意两个位置赢十局，很快的,https://api.bilibili.com/x/v2/reply/reply?pn=1&type=1&oid=558978076&mode=3&root=133275614992&type=1
133270906272,2022.10.11.20.22.29,381993904,教授的好基友,确实感觉归来的战令略肝了些 可以学学隔壁炉石的战令 作为一个炉石玩家 个人感觉把100级战令打满需要2个月左右 不是特别肝的情况下 炉石一个版本4个月 也就是一半的时间就能把战令打满 但炉石的战令100级并不是终点 之后每一级都会给50金币 这样体感就好很多 没太多时间玩的玩家也能轻松打到100级 不会出现像归来这样买了高级战令 然后还打不满最后的神话皮肤都拿不到的尴尬情况 更何况炉石还能在手机上玩 升级还是比归来快的[藏狐],https://api.bilibili.com/x/v2/reply?pn=4&type=1&oid=558978076&mode=3
133324488064,2022.10.12.10.43.00,637210623,bili_13188842805,炉石战令奖励拉了，明明买战令的99%是打牌的。结果里面一半的佣兵和战旗的奖励。,https://api.bilibili.com/x/v2/reply/reply?pn=1&type=1&oid=558978076&mode=3&root=133270906272&type=1
133362664960,2022.10.12.17.48.48,381993904,教授的好基友,回复 @bili_13188842805 :还好吧 毕竟基础奖励没变 高级奖励反正给的是皮肤 英雄皮肤是皮肤 酒馆皮肤也是皮肤 没什么大差[藏狐],https://api.bilibili.com/x/v2/reply/reply?pn=1&type=1&oid=558978076&mode=3&root=133270906272&type=1
133547252064,2022.10.14.10.15.53,33979297,ツ所念皆星河ツ,可以学学隔壁瓦罗兰特的给的东西油好，又不肝，拳头真给拿捏了，现在LOL日服是拳头运营的，福利贼好不说，东西还很便宜，瓦罗兰特一样，拳头自运营的就是便宜又好,https://api.bilibili.com/x/v2/reply/reply?pn=1&type=1&oid=558978076&mode=3&root=133270906272&type=1
133270378608,2022.10.11.20.18.42,393225715,撓宝,我现在33级周五六日玩能不能到80级,https://api.bilibili.com/x/v2/reply?pn=4&type=1&oid=558978076&mode=3
133270496272,2022.10.11.20.19.21,393225715,撓宝,只有周五六日能玩的话，日常周常都做完,https://api.bilibili.com/x/v2/reply/reply?pn=1&type=1&oid=558978076&mode=3&root=133270378608&type=1
133269404384,2022.10.11.20.09.32,231775393,托比昂136,现在我至少能好好玩买了游戏不怎么玩说新手还挨骂现在至少还能从新体验一下,https://api.bilibili.com/x/v2/reply?pn=4&type=1&oid=558978076&mode=3
133260648720,2022.10.11.18.52.05,13153485,还有梦想的麻雀,那所以说呢，暴雪安排的这个升级系统真的还不太行。至于稀烂的商城我就不说了，看他什么时候能改阳间,https://api.bilibili.com/x/v2/reply?pn=4&type=1&oid=558978076&mode=3
133262775024,2022.10.11.19.10.38,4890593,阿盐是只喵,战令任务这些主要是为了日活,https://api.bilibili.com/x/v2/reply/reply?pn=1&type=1&oid=558978076&mode=3&root=133260648720&type=1
133266021440,2022.10.11.19.38.57,13153485,还有梦想的麻雀,回复 @阿盐是只喵 :我感觉真的很上班诶！尤其是算过到达满级需要的时间,https://api.bilibili.com/x/v2/reply/reply?pn=1&type=1&oid=558978076&mode=3&root=133260648720&type=1
133269036208,2022.10.11.20.06.14,4890593,阿盐是只喵,回复 @还有梦想的麻雀 :[热词系列_害]没办法，暴雪也要赚钱也要维持游戏运营。我两个号一起刷也有点烦的其实,https://api.bilibili.com/x/v2/reply/reply?pn=1&type=1&oid=558978076&mode=3&root=133260648720&type=1
133271241984,2022.10.11.20.26.40,13153485,还有梦想的麻雀,回复 @阿盐是只喵 :[撇嘴],https://api.bilibili.com/x/v2/reply/reply?pn=1&type=1&oid=558978076&mode=3&root=133260648720&type=1
133260499120,2022.10.11.18.50.22,44932,肚皮特使,肝度一般其实,https://api.bilibili.com/x/v2/reply?pn=4&type=1&oid=558978076&mode=3
133262820416,2022.10.11.19.11.19,4890593,阿盐是只喵,对于之前玩守望习惯了不用刷任务随心玩的人来说还是有点肝的，这种是相对的啦,https://api.bilibili.com/x/v2/reply/reply?pn=1&type=1&oid=558978076&mode=3&root=133260499120&type=1
133242511104,2022.10.11.15.42.18,350752907,在做白日梦的小栖,哎，现在战令周常太难做了，平时只玩奶拿个五十金币就溜了，要t或c赢十把和开发赢十把太费时间了,https://api.bilibili.com/x/v2/reply?pn=4&type=1&oid=558978076&mode=3
133238449984,2022.10.11.14.49.14,11211558,手持西瓜小板凳,提问：输出武器精通25万那个…到底是怎么完成的？是c位要一局打两万五伤害？,https://api.bilibili.com/x/v2/reply?pn=4&type=1&oid=558978076&mode=3
133239031776,2022.10.11.14.58.21,4890593,阿盐是只喵,是累积的,https://api.bilibili.com/x/v2/reply/reply?pn=1&type=1&oid=558978076&mode=3&root=133238449984&type=1
133223118080,2022.10.11.12.08.48,384079771,吾醉美,胜利任务太难了，经常遇到一整局1000多伤害的c dj全局加速什么的，话说打满战令要多久时间啊？玩游戏不是来上班的[大哭],https://api.bilibili.com/x/v2/reply?pn=4&type=1&oid=558978076&mode=3
133219716048,2022.10.11.11.33.34,46475417,穂乃果SkullDeath,日常无所谓，周常团灭任务不好打啊，昨天打了好几局就一次团灭,https://api.bilibili.com/x/v2/reply?pn=4&type=1&oid=558978076&mode=3
133786982304,2022.10.16.06.56.08,31888715,M-G-Kruber,团灭这个任务我都不知道策划怎么想出来的[无语],https://api.bilibili.com/x/v2/reply/reply?pn=1&type=1&oid=558978076&mode=3&root=133219716048&type=1
133216636912,2022.10.11.11.00.45,5245758,六部君,[笑哭]真的很像上班,https://api.bilibili.com/x/v2/reply?pn=4&type=1&oid=558978076&mode=3
133272147440,2022.10.11.20.34.45,203209,叶逸语,战令这玩意儿.就是为了拉在线率.,https://api.bilibili.com/x/v2/reply/reply?pn=1&type=1&oid=558978076&mode=3&root=133216636912&type=1
133214147392,2022.10.11.10.32.18,34755269,今夜天空又下起雨,每天玩的不多，现在也就十几级，打算等赛季结束如果能满级就买高级战令，没有就算了。[热],https://api.bilibili.com/x/v2/reply?pn=4&type=1&oid=558978076&mode=3
133268878160,2022.10.11.20.05.43,44975056,糖炒reaper,正确的,https://api.bilibili.com/x/v2/reply/reply?pn=1&type=1&oid=558978076&mode=3&root=133214147392&type=1
133294672192,2022.10.11.23.43.56,503416480,不知道要改啥名字哦,买了有百分之20经验加成[doge],https://api.bilibili.com/x/v2/reply/reply?pn=1&type=1&oid=558978076&mode=3&root=133214147392&type=1
133295697120,2022.10.11.23.52.40,1632423695,苑策,快打人机给经验吗,https://api.bilibili.com/x/v2/reply/reply?pn=1&type=1&oid=558978076&mode=3&root=133214147392&type=1
133365877744,2022.10.12.18.18.38,34755269,今夜天空又下起雨,回复 @不知道要改啥名字哦 :🌿 大意了,https://api.bilibili.com/x/v2/reply/reply?pn=1&type=1&oid=558978076&mode=3&root=133214147392&type=1
133365944160,2022.10.12.18.20.06,34755269,今夜天空又下起雨,回复 @苑策 :不清楚啊,https://api.bilibili.com/x/v2/reply/reply?pn=1&type=1&oid=558978076&mode=3&root=133214147392&type=1
133213649792,2022.10.11.10.25.36,409618843,楪已随风祈,每日里面选所有职责完成3把是指一局游戏选三个职责完成3把还是每个职责各一把？,https://api.bilibili.com/x/v2/reply?pn=4&type=1&oid=558978076&mode=3
133214346752,2022.10.11.10.33.39,4890593,阿盐是只喵,预设最右边的灵活补位那个，选它排进去玩三把,https://api.bilibili.com/x/v2/reply/reply?pn=1&type=1&oid=558978076&mode=3&root=133213649792&type=1
133214466320,2022.10.11.10.35.11,409618843,楪已随风祈,回复 @阿盐是只喵 :懂了[OK],https://api.bilibili.com/x/v2/reply/reply?pn=1&type=1&oid=558978076&mode=3&root=133213649792&type=1
133213291024,2022.10.11.10.18.16,49837588,恐惧魔王K0ngjumow4ng,课代表：每日三个任务尽可能做，周任务尽可能有目的的做，赛季任务随缘做，通行证可以等到赛季末看肝的进度买，但是这样就没有20%经验加成了,https://api.bilibili.com/x/v2/reply?pn=4&type=1&oid=558978076&mode=3
133212352416,2022.10.11.10.07.13,3047421,逆向猎巫,我觉得最重要的一点是，esc之后是可以点开挑战任务看的，包括在游戏中途，所以一定要勤打开看看,https://api.bilibili.com/x/v2/reply?pn=4&type=1&oid=558978076&mode=3
133209441024,2022.10.11.09.29.25,14366063,母鸡加油吖,10号当天我已经刷到40级了，一边看着电视剧，一边选奶位快速然后挂机，一局队友够强赢了800多，输了也有500多！8分钟一局，一小时挂机4000经验问题不大！,https://api.bilibili.com/x/v2/reply?pn=4&type=1&oid=558978076&mode=3
133214460160,2022.10.11.10.34.57,4890593,阿盐是只喵,快速挂机…？？？[辣眼睛][辣眼睛][辣眼睛]如果你是组排那还行但要是单排就坑队友了啊,https://api.bilibili.com/x/v2/reply/reply?pn=1&type=1&oid=558978076&mode=3&root=133209441024&type=1
133229410048,2022.10.11.13.02.42,14366063,母鸡加油吖,回复 @阿盐是只喵 :坑队友？我挂机奶量都能第一，现在好多小学生。,https://api.bilibili.com/x/v2/reply/reply?pn=1&type=1&oid=558978076&mode=3&root=133209441024&type=1
133237056800,2022.10.11.14.30.52,4890593,阿盐是只喵,回复 @母鸡加油吖 :我理解的挂机就是什么事情都不干，你啥事都不干也能奶量第一那叫挂机吗[疑惑],https://api.bilibili.com/x/v2/reply/reply?pn=1&type=1&oid=558978076&mode=3&root=133209441024&type=1
133321657136,2022.10.12.10.09.10,386045615,啊_对_对__对___,有没有一种可能，挂机是指不操作,https://api.bilibili.com/x/v2/reply/reply?pn=1&type=1&oid=558978076&mode=3&root=133209441024&type=1
133209001264,2022.10.11.09.24.32,37006542,鱻鱼铺子,"刚有人问我能不能打得完战令，我替他算了下，顺便发评论区里。
应该可以的吧，你自己算一下嘛，总经验值790000，9周也就是63天，每天日常做一下就是63*9000=567000，想要做完3个日常，对局怎么着至少也得完成3局吧，每局还有500到900多经验能拿，那就算作是每天获得1w经验，也就是一赛季每天光做日常就是630000，还剩16w经验，周常任务一个就有5k经验，16w / 5k = 32，也就是一赛季还要完成32个周常，32/9周=3.55555，就当是4个吧。
总结下来就是每天的日常清一下，每周做4个周常，正常来说你每天都清日常，周常也会在叠加，可能光是做日常的功夫就已经把4个周常做完了，所以还是轻轻松松的，更别提还有其他赛季任务啥的，也会加些杂七杂八的经验，所以每天两三小时绝对打得完战令。",https://api.bilibili.com/x/v2/reply?pn=5&type=1&oid=558978076&mode=3
133207379216,2022.10.11.09.03.45,293737,woshikay,就是喜欢原氏皮肤，下了班还得继续上班。。。。。。,https://api.bilibili.com/x/v2/reply?pn=5&type=1&oid=558978076&mode=3
133206495200,2022.10.11.08.51.25,8083961,恶德记者,周常任务每周几更新,https://api.bilibili.com/x/v2/reply?pn=5&type=1&oid=558978076&mode=3
133214644784,2022.10.11.10.35.51,4890593,阿盐是只喵,周三啊…视频里说了,https://api.bilibili.com/x/v2/reply/reply?pn=1&type=1&oid=558978076&mode=3&root=133206495200&type=1
133204905168,2022.10.11.08.25.39,225546983,破甲秒上机,"赢一局就睡
凌晨5点.jpg",https://api.bilibili.com/x/v2/reply?pn=5&type=1&oid=558978076&mode=3
133203417712,2022.10.11.08.01.21,485163590,秋天的迷雾,周常20团灭是真的难打，总会有一两个逃掉[藏狐]打了五天也就只完成了16场[热],https://api.bilibili.com/x/v2/reply?pn=5&type=1&oid=558978076&mode=3
133216369920,2022.10.11.10.57.04,198095466,千岁朔z,6天11次,https://api.bilibili.com/x/v2/reply/reply?pn=1&type=1&oid=558978076&mode=3&root=133203417712&type=1
133218398160,2022.10.11.11.19.29,295188668,Walter--J,多打打毛妹,https://api.bilibili.com/x/v2/reply/reply?pn=1&type=1&oid=558978076&mode=3&root=133203417712&type=1
133201970704,2022.10.11.07.32.58,281169491,一直上头永远心动,37级了，肝起来,https://api.bilibili.com/x/v2/reply?pn=5&type=1&oid=558978076&mode=3
133200659296,2022.10.11.06.59.11,144806492,Ice1-Sixy,哈哈哈哈昨天有一把加了2230经验给我吓一跳,https://api.bilibili.com/x/v2/reply?pn=5&type=1&oid=558978076&mode=3
133199354512,2022.10.11.06.06.24,385158969,Jeremyyc,涤抵挡伤害是原氏的任务 治疗是76的任务,https://api.bilibili.com/x/v2/reply?pn=5&type=1&oid=558978076&mode=3
133221073072,2022.10.11.11.47.57,48485926,慵懒的梦晓殇,哈哈哈哈哈哈，C位充满了所有任务的可能啊，可惜我不会玩,https://api.bilibili.com/x/v2/reply/reply?pn=1&type=1&oid=558978076&mode=3&root=133199354512&type=1
133199249280,2022.10.11.05.55.47,506684844,卖你弟的小火柴,没事我已经肝到31级了[doge],https://api.bilibili.com/x/v2/reply?pn=5&type=1&oid=558978076&mode=3
133198575712,2022.10.11.04.53.54,2055669555,码_飞_飞,刚开始玩游戏时很菜，经常被队友骂，也不敢坑声。后来苦练技术，经过一个赛季的打磨之后，队友终于骂不过我了。,https://api.bilibili.com/x/v2/reply?pn=5&type=1&oid=558978076&mode=3
133196888016,2022.10.11.03.06.12,1727189,GK我很忙,我就挺喜欢战令的,https://api.bilibili.com/x/v2/reply?pn=5&type=1&oid=558978076&mode=3
133193838832,2022.10.11.01.37.01,483164479,Kaiyai2,我想问一哈，我每日都能完成，但11个周长最多能做完7个，孤狼一个没队友，这种情况这个赛季结束前能干到80级么？,https://api.bilibili.com/x/v2/reply?pn=5&type=1&oid=558978076&mode=3
133194127648,2022.10.11.01.40.29,4890593,阿盐是只喵,"战令9周，一共63天，每天保底9000。9000x63。
周常7个一个5000，5000x7=35000，9周就是35000x9。这些加在一起你算算不就知道了",https://api.bilibili.com/x/v2/reply/reply?pn=1&type=1&oid=558978076&mode=3&root=133193838832&type=1
133625380368,2022.10.14.22.29.07,71128325,蒙古级上单,做得完，63级，加23级，差不多可以完成，还可以拿一个称号,https://api.bilibili.com/x/v2/reply/reply?pn=1&type=1&oid=558978076&mode=3&root=133193838832&type=1
133631547952,2022.10.14.23.15.46,483164479,Kaiyai2,回复 @蒙古级上单 :好的谢谢啦！,https://api.bilibili.com/x/v2/reply/reply?pn=1&type=1&oid=558978076&mode=3&root=133193838832&type=1
133192802048,2022.10.11.01.14.02,441791441,不想醒的夜猫,周常任务，只完成了9个，算了肝不动了，玩着太累了，本来作为一个新玩家觉的游戏挺好玩的，全部任务完成太搞了，也没买通行证，每天拿9000，大概可以升1级，佛系了。[哈欠],https://api.bilibili.com/x/v2/reply?pn=5&type=1&oid=558978076&mode=3
133198480688,2022.10.11.04.40.45,4890593,阿盐是只喵,觉得累确实就别勉强，玩的开心最重要。等赛季快结束如果肝得比较高级可以考虑再氪,https://api.bilibili.com/x/v2/reply/reply?pn=1&type=1&oid=558978076&mode=3&root=133192802048&type=1
133611514144,2022.10.14.20.38.03,287542875,爱犯困的-凌企君-,为什么我奶人和抵挡伤害一直不涨啊一直都是0,https://api.bilibili.com/x/v2/reply/reply?pn=1&type=1&oid=558978076&mode=3&root=133192802048&type=1
133192604112,2022.10.11.01.12.03,255813841,酷脆巧克力波波怪,我要补给我要补给我要补给[大哭][大哭][大哭][大哭][大哭][大哭]还我补给还我补给还我补给[大哭][大哭][大哭][大哭][大哭][大哭],https://api.bilibili.com/x/v2/reply?pn=5&type=1&oid=558978076&mode=3
133190000464,2022.10.11.00.34.22,26308970,一夕吖提不起劲,好耶！,https://api.bilibili.com/x/v2/reply?pn=5&type=1&oid=558978076&mode=3
133189872048,2022.10.11.00.34.20,65418692,Niko不是妮可,[辣眼睛]肝了三四天，已经45级了，现在每天刷每日任务刷个两级就ok了[脱单doge],https://api.bilibili.com/x/v2/reply?pn=5&type=1&oid=558978076&mode=3
133187150544,2022.10.11.00.05.06,378835096,DJ大嘉,4天34级算快吗？,https://api.bilibili.com/x/v2/reply?pn=5&type=1&oid=558978076&mode=3
133184795584,2022.10.10.23.44.39,50065589,Karma_zzzz,借楼，社畜代肝战令，因为上一休三所以时间多，走闲鱼，谢谢啦。(up如果介意我会删掉),https://api.bilibili.com/x/v2/reply?pn=5&type=1&oid=558978076&mode=3
133206678112,2022.10.11.08.55.05,122662578,曈曚永梦,什么工作上一休三这么爽的吗,https://api.bilibili.com/x/v2/reply/reply?pn=1&type=1&oid=558978076&mode=3&root=133184795584&type=1
133252224368,2022.10.11.17.35.35,50065589,Karma_zzzz,回复 @曈曚永梦 :水务[吃瓜],https://api.bilibili.com/x/v2/reply/reply?pn=1&type=1&oid=558978076&mode=3&root=133184795584&type=1
133330273856,2022.10.12.11.48.45,122662578,曈曚永梦,回复 @Karma_zzzz :具体是干嘛的？纯好奇[喜极而泣],https://api.bilibili.com/x/v2/reply/reply?pn=1&type=1&oid=558978076&mode=3&root=133184795584&type=1
133181478416,2022.10.10.23.16.05,2007667731,梦长路更多,高级战令每日任务奖励的经验不加百分之二十吗 还有我的商城为什么一直没有自定义推荐（我所有物品全齐,https://api.bilibili.com/x/v2/reply?pn=5&type=1&oid=558978076&mode=3
133182802432,2022.10.10.23.26.52,4890593,阿盐是只喵,好像只有对局加，你算一下如果日常也加的话那不是马上刷满了？,https://api.bilibili.com/x/v2/reply/reply?pn=1&type=1&oid=558978076&mode=3&root=133181478416&type=1
133211524880,2022.10.11.09.57.30,26634405,离人透Official,自定义推荐好像就是类似于卖打折物品的，实际上皮肤还是卖1k金币,https://api.bilibili.com/x/v2/reply/reply?pn=1&type=1&oid=558978076&mode=3&root=133181478416&type=1
133180526032,2022.10.10.23.08.25,52479529,芳心粽伙饭,打的要累死了才27级，不想玩了,https://api.bilibili.com/x/v2/reply?pn=5&type=1&oid=558978076&mode=3
133177405024,2022.10.10.22.42.41,393905988,正义Robin鸡,绝绝对对不要出英雄单独任务，不然直接扣掉H键还无脑刷任务的更多了,https://api.bilibili.com/x/v2/reply?pn=6&type=1&oid=558978076&mode=3
133637568080,2022.10.15.00.03.31,37480049,電鋸刮胸毛,新手现在一半英雄是锁的，不过也还好，让新手慢慢熟悉也不错,https://api.bilibili.com/x/v2/reply/reply?pn=1&type=1&oid=558978076&mode=3&root=133177405024&type=1
133175545664,2022.10.10.22.28.21,251515774,DarkAether,打游戏跟上班一样[笑哭],https://api.bilibili.com/x/v2/reply?pn=6&type=1&oid=558978076&mode=3
133169360592,2022.10.10.21.36.52,225460124,怀鸢Z,战令里的奖励在该赛季过后永远得不到了吗,https://api.bilibili.com/x/v2/reply?pn=6&type=1&oid=558978076&mode=3
133169480144,2022.10.10.21.38.13,4890593,阿盐是只喵,应该会返场，但大概率赛季过后一段时间暂时都得不到。,https://api.bilibili.com/x/v2/reply/reply?pn=1&type=1&oid=558978076&mode=3&root=133169360592&type=1
133183001120,2022.10.10.23.27.58,225460124,怀鸢Z,要是不返场就好了  我想氪金买等级[脱单doge],https://api.bilibili.com/x/v2/reply/reply?pn=1&type=1&oid=558978076&mode=3&root=133169360592&type=1
133169043616,2022.10.10.21.33.23,169572796,无铭冲冲冲,"考生请听题：
周常：
最佳防守
总共造成/强化125000伤害（战斗狂欢不计入进度）

ps：我是真不明白强化是什么意思[笑哭]",https://api.bilibili.com/x/v2/reply?pn=6&type=1&oid=558978076&mode=3
133169511456,2022.10.10.21.39.03,4890593,阿盐是只喵,没理解错的话应该是类似于安娜给队友激素队友被强化的伤害、雾子大招里帮队友增加的伤害这种,https://api.bilibili.com/x/v2/reply/reply?pn=1&type=1&oid=558978076&mode=3&root=133169043616&type=1
133184401808,2022.10.10.23.39.27,55990717,奇怪的阿吴,造成就是自己打的伤害，强化就是巴蒂矩阵，蓝线一类的加成伤害，激素可能也算在内，但是不一定,https://api.bilibili.com/x/v2/reply/reply?pn=1&type=1&oid=558978076&mode=3&root=133169043616&type=1
133192371584,2022.10.11.01.08.15,313332,書骸,别进死斗会重置的 是bug,https://api.bilibili.com/x/v2/reply/reply?pn=1&type=1&oid=558978076&mode=3&root=133169043616&type=1
133194455312,2022.10.11.01.49.27,43262592,雷猴唔该晒,回复 @書骸 :怪不得我越打越少呢，我擦了…,https://api.bilibili.com/x/v2/reply/reply?pn=1&type=1&oid=558978076&mode=3&root=133169043616&type=1
133202135856,2022.10.11.07.37.01,281169491,一直上头永远心动,拿堡垒去开放模式刷伤害就行，不管输赢就是刷伤害，我拿堡垒把把一万伤，打完四五把就完成了。千万别点开死斗，你的任务点会重置,https://api.bilibili.com/x/v2/reply/reply?pn=1&type=1&oid=558978076&mode=3&root=133169043616&type=1
133209082944,2022.10.11.09.27.26,34339286,JuneBlack2,回复 @阿盐是只喵 :直接打伤害就行 造成伤害,https://api.bilibili.com/x/v2/reply/reply?pn=1&type=1&oid=558978076&mode=3&root=133169043616&type=1
133223475520,2022.10.11.12.10.51,169572796,无铭冲冲冲,回复 @書骸 : 我就说，，我那个数值天天都不一样。。。最后无所谓了，反正也做不完了,https://api.bilibili.com/x/v2/reply/reply?pn=1&type=1&oid=558978076&mode=3&root=133169043616&type=1
133223604304,2022.10.11.12.11.24,169572796,无铭冲冲冲,回复 @一直上头永远心动 : 应该是bug吧,https://api.bilibili.com/x/v2/reply/reply?pn=1&type=1&oid=558978076&mode=3&root=133169043616&type=1
133223634208,2022.10.11.12.12.12,169572796,无铭冲冲冲,回复 @阿盐是只喵 : 主要是每天数值都不一样，，我现在知道问题在哪了,https://api.bilibili.com/x/v2/reply/reply?pn=1&type=1&oid=558978076&mode=3&root=133169043616&type=1
133232325440,2022.10.11.13.31.33,343221889,致远星的致远,回复 @一直上头永远心动 :堡垒没了[doge],https://api.bilibili.com/x/v2/reply/reply?pn=1&type=1&oid=558978076&mode=3&root=133169043616&type=1
133244898704,2022.10.11.16.12.07,26419939,0436sun,天使右键这种吧,https://api.bilibili.com/x/v2/reply/reply?pn=1&type=1&oid=558978076&mode=3&root=133169043616&type=1
133258699264,2022.10.11.18.35.29,281169491,一直上头永远心动,回复 @致远星的致远 :哭死，昨天还在的，我还想用堡垒刷战令,https://api.bilibili.com/x/v2/reply/reply?pn=1&type=1&oid=558978076&mode=3&root=133169043616&type=1
133299841504,2022.10.12.00.33.52,470820803,爱吃西瓜LX,回复 @一直上头永远心动 :因为堡垒有bug，很多人去搞那个无限大的bug，堡垒就被拉去修了，而且现在不知道咋滴，托比昂在排位被禁用了,https://api.bilibili.com/x/v2/reply/reply?pn=1&type=1&oid=558978076&mode=3&root=133169043616&type=1
133302665680,2022.10.12.01.14.04,2014824,明天又是星期几,回复 @書骸 :怪不得最佳攻防这个任务做了好久都没完成而且进度还很少[哦呼][大哭],https://api.bilibili.com/x/v2/reply/reply?pn=1&type=1&oid=558978076&mode=3&root=133169043616&type=1
133471221088,2022.10.13.17.25.33,169572796,无铭冲冲冲,回复 @一直上头永远心动 : 大佬，我没点死斗，进了把快速，但是还是重置了。。。。本来两万的累计，变成一万三，真的佛[吐][吐],https://api.bilibili.com/x/v2/reply/reply?pn=1&type=1&oid=558978076&mode=3&root=133169043616&type=1
133475622544,2022.10.13.18.05.33,281169491,一直上头永远心动,回复 @无铭冲冲冲 :唉，慢慢刷吧，法鸡也挺快。我刷到已经60级了[呲牙],https://api.bilibili.com/x/v2/reply/reply?pn=1&type=1&oid=558978076&mode=3&root=133169043616&type=1
133635847040,2022.10.14.23.48.31,37480049,電鋸刮胸毛,这个任务叙述真的离谱，刚上手的时候经常会错意,https://api.bilibili.com/x/v2/reply/reply?pn=1&type=1&oid=558978076&mode=3&root=133169043616&type=1
133737058480,2022.10.15.20.02.22,52479529,芳心粽伙饭,我进度一直是零，我傻了，怎么玩数都不涨,https://api.bilibili.com/x/v2/reply/reply?pn=1&type=1&oid=558978076&mode=3&root=133169043616&type=1
133165427632,2022.10.10.21.03.35,223984015,唐可可不是小笼包,"今日日常
“不准后退”——争夺/占领攻防目标共计250秒。
“索命狂徒”——获得100次消灭（战斗狂欢不计入进度）
“必胜绝技”——使用15次终极技能（战斗狂欢不计入进度）
“技压群雄”——获得一次至少三人的瞬间消灭。
“触不可及”，“幕后英雄”，“每日首胜”（已完成）
一个只能玩半小时的学生党发出不甘的声音[阿梓从小就很可爱新装扮_哭哭][阿梓从小就很可爱新装扮_哭哭][阿梓从小就很可爱新装扮_哭哭]",https://api.bilibili.com/x/v2/reply?pn=6&type=1&oid=558978076&mode=3
133167585664,2022.10.10.21.22.06,4890593,阿盐是只喵,看来这刷的运气不太好啊[笑哭],https://api.bilibili.com/x/v2/reply/reply?pn=1&type=1&oid=558978076&mode=3&root=133165427632&type=1
133312683824,2022.10.12.07.56.30,377629880,周美玲牙俐齿,这里面我感觉技压群雄最难搞[笑哭],https://api.bilibili.com/x/v2/reply/reply?pn=1&type=1&oid=558978076&mode=3&root=133165427632&type=1
133324078928,2022.10.12.10.39.45,637210623,bili_13188842805,回复 @周美玲牙俐齿 :技压群雄最简单，这玩意助攻也算的。,https://api.bilibili.com/x/v2/reply/reply?pn=1&type=1&oid=558978076&mode=3&root=133165427632&type=1
133425580608,2022.10.13.08.52.34,71520253,网易云NLaser,索命狂徒有人知道怎么做吗[保卫萝卜_哭哭]我怎么玩都没有进度,https://api.bilibili.com/x/v2/reply/reply?pn=1&type=1&oid=558978076&mode=3&root=133165427632&type=1
133435317408,2022.10.13.10.57.04,16126359,Zy9476,回复 @网易云NLaser :好像热身阶段进死斗会重置进度,https://api.bilibili.com/x/v2/reply/reply?pn=1&type=1&oid=558978076&mode=3&root=133165427632&type=1
133514858704,2022.10.13.23.27.49,12405864,老夫麦克雷,回复 @Zy9476 :我就说我的阻挡和伤害两个周任务经常归零，烦都烦死，本来这俩是最容易肝到的,https://api.bilibili.com/x/v2/reply/reply?pn=1&type=1&oid=558978076&mode=3&root=133165427632&type=1
133165232624,2022.10.10.21.00.38,4117053,大润发十年杀鱼工,赞赏也会有奖励，前两天我三级赞赏给了一级的战令[脱单doge],https://api.bilibili.com/x/v2/reply?pn=6&type=1&oid=558978076&mode=3
133165332128,2022.10.10.21.02.35,4890593,阿盐是只喵,哇！给这么多经验吗,https://api.bilibili.com/x/v2/reply/reply?pn=1&type=1&oid=558978076&mode=3&root=133165232624&type=1
133341958800,2022.10.12.13.40.37,372414942,还是你厉害_,真的假的，我两级给了1经验，差太多了吧,https://api.bilibili.com/x/v2/reply/reply?pn=1&type=1&oid=558978076&mode=3&root=133165232624&type=1
133363141872,2022.10.12.17.53.24,4117053,大润发十年杀鱼工,回复 @还是你厉害_ :我不确定欸，上次瞄一眼就关了，好像也是显示一个1（）过两天我再仔细看看[脱单doge],https://api.bilibili.com/x/v2/reply/reply?pn=1&type=1&oid=558978076&mode=3&root=133165232624&type=1
133363075568,2022.10.12.17.53.43,4117053,大润发十年杀鱼工,回复 @阿盐是只喵 :不确定啦，过两天我再仔细看看[保卫萝卜_哇],https://api.bilibili.com/x/v2/reply/reply?pn=1&type=1&oid=558978076&mode=3&root=133165232624&type=1
133164994816,2022.10.10.20.58.36,286419083,夜雪忆,挑战的英雄是解锁英雄的任务，不给经验,https://api.bilibili.com/x/v2/reply?pn=6&type=1&oid=558978076&mode=3
133164976384,2022.10.10.20.58.08,440585103,想吃好多鱼鱼鱼鱼,我来补充，街机的经验和竞技差不多,https://api.bilibili.com/x/v2/reply?pn=6&type=1&oid=558978076&mode=3
133164939072,2022.10.10.20.59.04,4890593,阿盐是只喵,那竞技一场大概多少呢,https://api.bilibili.com/x/v2/reply/reply?pn=1&type=1&oid=558978076&mode=3&root=133164976384&type=1
133164755584,2022.10.10.20.56.35,632020635,maverick07,这个战令两个月结束之后新的战令出来，原来的战令是怎么处理的？直接关掉还是像光环一样可以自己选择打哪个通行证吗？,https://api.bilibili.com/x/v2/reply?pn=6&type=1&oid=558978076&mode=3
133165061568,2022.10.10.20.59.38,4890593,阿盐是只喵,应该是直接没了，新英雄有其他方式解锁，个性化物品的话估计就没办法解锁要等返场了。,https://api.bilibili.com/x/v2/reply/reply?pn=1&type=1&oid=558978076&mode=3&root=133164755584&type=1
133157250656,2022.10.10.19.51.10,224637070,上海龙之队Fanpage,怎么升号的级啊，大不了排位,https://api.bilibili.com/x/v2/reply?pn=6&type=1&oid=558978076&mode=3
133158628848,2022.10.10.20.04.15,4890593,阿盐是只喵,现在不是靠升级打排位的了，新号需要你赢50场快速才能打排位。,https://api.bilibili.com/x/v2/reply/reply?pn=1&type=1&oid=558978076&mode=3&root=133157250656&type=1
133160753024,2022.10.10.20.22.06,224637070,上海龙之队Fanpage,回复 @阿盐是只喵 :老号，等级不够算新号啊,https://api.bilibili.com/x/v2/reply/reply?pn=1&type=1&oid=558978076&mode=3&root=133157250656&type=1
133161162928,2022.10.10.20.25.59,4890593,阿盐是只喵,回复 @上海龙之队Fanpage :那就没办法了,https://api.bilibili.com/x/v2/reply/reply?pn=1&type=1&oid=558978076&mode=3&root=133157250656&type=1
133156678576,2022.10.10.19.46.28,32272298,寇里柏林顿,箱子是免费的战领是你花钱买的,https://api.bilibili.com/x/v2/reply?pn=6&type=1&oid=558978076&mode=3
133155091904,2022.10.10.19.31.57,13158735,惊鸿抵梦,49级了[doge],https://api.bilibili.com/x/v2/reply?pn=6&type=1&oid=558978076&mode=3
133149394672,2022.10.10.18.43.14,16695486,再问名字就自刎,请问任务里那个《选择所有职责完成3场游戏》什么意思？,https://api.bilibili.com/x/v2/reply?pn=6&type=1&oid=558978076&mode=3
133150148944,2022.10.10.18.50.21,4890593,阿盐是只喵,在预设职责里选择“灵活”，就是随机三个位置的那个,https://api.bilibili.com/x/v2/reply/reply?pn=1&type=1&oid=558978076&mode=3&root=133149394672&type=1
133206118960,2022.10.11.08.45.58,16695486,再问名字就自刎,回复 @阿盐是只喵 :哦哦，谢谢。,https://api.bilibili.com/x/v2/reply/reply?pn=1&type=1&oid=558978076&mode=3&root=133149394672&type=1
133148361152,2022.10.10.18.33.39,10442698,已经存在的付师傅,有人机车吗[doge],https://api.bilibili.com/x/v2/reply?pn=6&type=1&oid=558978076&mode=3
133147072416,2022.10.10.18.22.08,391274253,筱笙荇,我想问一下那个职责精通怎么做啊，玩快速就完奶和t都赢了很多把了还是不能获得经验怎么回事,https://api.bilibili.com/x/v2/reply?pn=6&type=1&oid=558978076&mode=3
133148819760,2022.10.10.18.37.08,4890593,阿盐是只喵,好像是要玩某个职位而且要赢够一定场次哦,https://api.bilibili.com/x/v2/reply/reply?pn=1&type=1&oid=558978076&mode=3&root=133147072416&type=1
133149925824,2022.10.10.18.46.50,391274253,筱笙荇,回复 @阿盐是只喵 :嗷嗷好的，蟹蟹,https://api.bilibili.com/x/v2/reply/reply?pn=1&type=1&oid=558978076&mode=3&root=133147072416&type=1
133144748448,2022.10.10.18.01.45,32145218,i稚始稚终i,我到现在才15级[笑哭],https://api.bilibili.com/x/v2/reply?pn=6&type=1&oid=558978076&mode=3
133143820032,2022.10.10.17.53.40,33541973,阿戎呐,英雄挑战是给新人解锁英雄的，这方面还是做做功课[笑哭][笑哭],https://api.bilibili.com/x/v2/reply?pn=6&type=1&oid=558978076&mode=3
133146345264,2022.10.10.18.15.17,4890593,阿盐是只喵,哦哦这样啊，身边没有什么新玩家还真不清楚。谢谢补充,https://api.bilibili.com/x/v2/reply/reply?pn=1&type=1&oid=558978076&mode=3&root=133143820032&type=1
133141804272,2022.10.10.17.33.14,343289118,养人喵御弟,任务做不完 人机有经验不如速通人机  一局保底700堵门杀还快  20分钟能升一级 找个车就行,https://api.bilibili.com/x/v2/reply?pn=6&type=1&oid=558978076&mode=3
133207764976,2022.10.11.09.06.50,12691813,吃虾boom,人机能完成任务？,https://api.bilibili.com/x/v2/reply/reply?pn=1&type=1&oid=558978076&mode=3&root=133141804272&type=1
133209203600,2022.10.11.09.26.19,37006542,鱻鱼铺子,"借楼，刚有人问我每天两三小时能不能打得完战令，我替他算了下，顺便发评论区里。
应该可以的吧，你自己算一下嘛，总经验值790000，9周也就是63天，每天日常做一下就是63*9000=567000，想要做完3个日常，对局怎么着至少也得完成3局吧，每局还有500到900多经验能拿，那就算作是每天获得1w经验，也就是一赛季每天光做日常就是630000，还剩16w经验，周常任务一个就有5k经验，16w / 5k = 32，也就是一赛季还要完成32个周常，32/9周=3.55555，就当是4个吧。
总结下来就是每天的日常清一下，每周做4个周常，正常来说你每天都清日常，周常也会在叠加，可能光是做日常的功夫就已经把4个周常做完了，所以还是轻轻松松的，更别提还有其他赛季任务啥的，也会加些杂七杂八的经验，所以每天两三小时绝对打得完战令。",https://api.bilibili.com/x/v2/reply/reply?pn=1&type=1&oid=558978076&mode=3&root=133141804272&type=1
133213367104,2022.10.11.10.20.59,746106,XRF吃杏仁粉,回复 @鱻鱼铺子 : 每天玩两三个小时，下班回家继续上班了属于是,https://api.bilibili.com/x/v2/reply/reply?pn=1&type=1&oid=558978076&mode=3&root=133141804272&type=1
133219693024,2022.10.11.11.32.49,46475417,穂乃果SkullDeath,不能打周常任务没用啊，要金币,https://api.bilibili.com/x/v2/reply/reply?pn=1&type=1&oid=558978076&mode=3&root=133141804272&type=1
133235043488,2022.10.11.14.02.57,37006542,鱻鱼铺子,回复 @XRF吃杏仁粉 : 我的结论其实是每天一两小时就够了，不过那人问我说每天两三小时，那自然是够够的了啊，我不是说得每天两三小时才能完成[笑哭],https://api.bilibili.com/x/v2/reply/reply?pn=1&type=1&oid=558978076&mode=3&root=133141804272&type=1
133241793584,2022.10.11.15.32.51,343289118,养人喵御弟,回复 @穂乃果SkullDeath :说真的  肝9周任务在游戏里面要饭要那30块钱的金币  不如抽半天去发传单一个赛季通行证的钱就有了,https://api.bilibili.com/x/v2/reply/reply?pn=1&type=1&oid=558978076&mode=3&root=133141804272&type=1
133241917392,2022.10.11.15.36.19,343289118,养人喵御弟,回复 @吃虾boom :不能  只能速刷等级,https://api.bilibili.com/x/v2/reply/reply?pn=1&type=1&oid=558978076&mode=3&root=133141804272&type=1
133251612288,2022.10.11.17.27.32,12369001,抉择哈哈,还是不建议刷人机，我之前一段时间天天上车队打人机，然后都杀不死人了[热],https://api.bilibili.com/x/v2/reply/reply?pn=1&type=1&oid=558978076&mode=3&root=133141804272&type=1
133325636976,2022.10.12.10.58.04,220320797,佐佐木淳平_Official,20分钟一级？,https://api.bilibili.com/x/v2/reply/reply?pn=1&type=1&oid=558978076&mode=3&root=133141804272&type=1
133360334816,2022.10.12.17.25.02,343289118,养人喵御弟,回复 @佐佐木淳平_Official :没那么夸张  速度快3分钟能一把  半小时多点能一级,https://api.bilibili.com/x/v2/reply/reply?pn=1&type=1&oid=558978076&mode=3&root=133141804272&type=1
133410581488,2022.10.13.00.51.06,10101398,小夜子Serenade,想问问一般在哪找人机车呀,https://api.bilibili.com/x/v2/reply/reply?pn=1&type=1&oid=558978076&mode=3&root=133141804272&type=1
133584893424,2022.10.14.16.52.07,22418364,K2718_,回复 @鱻鱼铺子 :没有没有那么多时间啊，太艹了,https://api.bilibili.com/x/v2/reply/reply?pn=1&type=1&oid=558978076&mode=3&root=133141804272&type=1
133588994288,2022.10.14.17.31.41,37006542,鱻鱼铺子,回复 @K2718_ :半小时都刷得完三个日常，这也没时间，那我没话说[热词系列_知识增加],https://api.bilibili.com/x/v2/reply/reply?pn=1&type=1&oid=558978076&mode=3&root=133141804272&type=1
133602294352,2022.10.14.19.21.51,22418364,K2718_,回复 @鱻鱼铺子 :已经淘宝包出去了,https://api.bilibili.com/x/v2/reply/reply?pn=1&type=1&oid=558978076&mode=3&root=133141804272&type=1
133851770592,2022.10.16.17.43.32,21259445,冰皇零,回复 @养人喵御弟 :除了推车和机器人图都没法3分钟,https://api.bilibili.com/x/v2/reply/reply?pn=1&type=1&oid=558978076&mode=3&root=133141804272&type=1
133905004800,2022.10.17.02.15.04,343289118,养人喵御弟,回复 @冰皇零 :反正没事  时间越长经验越多,https://api.bilibili.com/x/v2/reply/reply?pn=1&type=1&oid=558978076&mode=3&root=133141804272&type=1
133140456928,2022.10.10.17.20.21,179285922,哦哦哦哦哦的东,兄弟萌，我的周常任务打伤害，防伤害，治疗，总是重置咋办,https://api.bilibili.com/x/v2/reply?pn=6&type=1&oid=558978076&mode=3
133141315264,2022.10.10.17.28.15,4890593,阿盐是只喵,排队的时候不要进死斗或突击模式,https://api.bilibili.com/x/v2/reply/reply?pn=1&type=1&oid=558978076&mode=3&root=133140456928&type=1
133151774704,2022.10.10.19.03.19,179285922,哦哦哦哦哦的东,回复 @阿盐是只喵 :卧槽，谢谢,https://api.bilibili.com/x/v2/reply/reply?pn=1&type=1&oid=558978076&mode=3&root=133140456928&type=1
133194512848,2022.10.11.01.50.11,43262592,雷猴唔该晒,卧槽！！！原来如此,https://api.bilibili.com/x/v2/reply/reply?pn=1&type=1&oid=558978076&mode=3&root=133140456928&type=1
133140207216,2022.10.10.17.17.35,399912355,Twice若,"真抠门才六十
打发要饭呢
纪念在天国的箱子",https://api.bilibili.com/x/v2/reply?pn=6&type=1&oid=558978076&mode=3
133141321088,2022.10.10.17.28.25,4890593,阿盐是只喵,一周60，有9周啊,https://api.bilibili.com/x/v2/reply/reply?pn=1&type=1&oid=558978076&mode=3&root=133140207216&type=1
133180949200,2022.10.10.23.12.32,6272152,花雨春绘霖胧霡霂,回复 @阿盐是只喵 :按rmb算一周就那点，还打那么多，打发要饭的呢[无语],https://api.bilibili.com/x/v2/reply/reply?pn=1&type=1&oid=558978076&mode=3&root=133140207216&type=1
133182772384,2022.10.10.23.26.14,4890593,阿盐是只喵,回复 @花雨春绘霖胧霡霂 :那也好过不给吧,https://api.bilibili.com/x/v2/reply/reply?pn=1&type=1&oid=558978076&mode=3&root=133140207216&type=1
133201571184,2022.10.11.07.22.25,6272152,花雨春绘霖胧霡霂,回复 @阿盐是只喵 :照这之前的差太多了主要是[大哭],https://api.bilibili.com/x/v2/reply/reply?pn=1&type=1&oid=558978076&mode=3&root=133140207216&type=1
133135326272,2022.10.10.16.23.25,679545430,八尾的猫屋,随便一玩五天25级了,https://api.bilibili.com/x/v2/reply?pn=7&type=1&oid=558978076&mode=3
133134958016,2022.10.10.16.19.20,305805631,皮威尔逊,这每周任务是每周都重置的还是保留捏,https://api.bilibili.com/x/v2/reply?pn=7&type=1&oid=558978076&mode=3
133136957776,2022.10.10.16.42.53,4890593,阿盐是只喵,过了这周肯定就刷新了呀,https://api.bilibili.com/x/v2/reply/reply?pn=1&type=1&oid=558978076&mode=3&root=133134958016&type=1
133137194880,2022.10.10.16.45.33,305805631,皮威尔逊,回复 @阿盐是只喵 :我以为是跟a里面一样保留,https://api.bilibili.com/x/v2/reply/reply?pn=1&type=1&oid=558978076&mode=3&root=133134958016&type=1
133139477536,2022.10.10.17.09.38,4890593,阿盐是只喵,回复 @皮威尔逊 :a有显示好几周的任务，跟这个不一样,https://api.bilibili.com/x/v2/reply/reply?pn=1&type=1&oid=558978076&mode=3&root=133134958016&type=1
133133121744,2022.10.10.15.55.36,291482258,北懿甸园,我当时是开服当天上午十一点开的战令，所以貌似以后就都是从十一点开始算。,https://api.bilibili.com/x/v2/reply?pn=7&type=1&oid=558978076&mode=3
133625770880,2022.10.14.22.31.26,71128325,蒙古级上单,我是四点刷新,https://api.bilibili.com/x/v2/reply/reply?pn=1&type=1&oid=558978076&mode=3&root=133133121744&type=1
133639595200,2022.10.15.00.23.13,291482258,北懿甸园,回复 @蒙古级上单 :诶，我的也变成四点了。可能每次大型补丁更新后的第一次上线时间是啥就是啥了。,https://api.bilibili.com/x/v2/reply/reply?pn=1&type=1&oid=558978076&mode=3&root=133133121744&type=1
133132709312,2022.10.10.15.52.11,29080508,周美灵是我大姐头,开始我以为要把每日任务做完才能把经验拿完,https://api.bilibili.com/x/v2/reply?pn=7&type=1&oid=558978076&mode=3
133132867520,2022.10.10.15.53.30,4890593,阿盐是只喵,哈哈哈确实有这种误导的感觉[脱单doge]其实只要做三个就行,https://api.bilibili.com/x/v2/reply/reply?pn=1&type=1&oid=558978076&mode=3&root=133132709312&type=1
133137121552,2022.10.10.16.43.02,19513146,起级小桀的日棠,而且完成三个后，你再做日常，里面的数字就不涨了，一直以为是bug。,https://api.bilibili.com/x/v2/reply/reply?pn=1&type=1&oid=558978076&mode=3&root=133132709312&type=1
133153255936,2022.10.10.19.16.34,33426506,变坏了℃,和你一样，今天才注意到，完成3个就做完日常了,https://api.bilibili.com/x/v2/reply/reply?pn=1&type=1&oid=558978076&mode=3&root=133132709312&type=1
133153414000,2022.10.10.19.17.10,33426506,变坏了℃,回复 @起级小桀的日棠 :涨的，不是bug，应该就是你没做吧,https://api.bilibili.com/x/v2/reply/reply?pn=1&type=1&oid=558978076&mode=3&root=133132709312&type=1
133181103808,2022.10.10.23.12.53,52479529,芳心粽伙饭,回复 @变坏了℃ :我的不涨呀，完成任务也没有额外经验了,https://api.bilibili.com/x/v2/reply/reply?pn=1&type=1&oid=558978076&mode=3&root=133132709312&type=1
133190197568,2022.10.11.00.37.29,33426506,变坏了℃,回复 @芳心粽伙饭 :我以为你说的是任务进度，结果你说的是经验，，我理解错了,https://api.bilibili.com/x/v2/reply/reply?pn=1&type=1&oid=558978076&mode=3&root=133132709312&type=1
133132615520,2022.10.10.15.50.04,33645727,赶紧6级啊魂淡,其实说白了就是尽量把周常日常任务做完，周常要是专门去做的话其实还是挺麻烦的[脱单doge],https://api.bilibili.com/x/v2/reply?pn=7&type=1&oid=558978076&mode=3
133132917152,2022.10.10.15.53.59,4890593,阿盐是只喵,所以主做日常顺便刷到周常是最好滴,https://api.bilibili.com/x/v2/reply/reply?pn=1&type=1&oid=558978076&mode=3&root=133132615520&type=1
133133088752,2022.10.10.15.55.45,33645727,赶紧6级啊魂淡,回复 @阿盐是只喵 :周常专门去做的话太麻烦了，我就是不看任务的 玩着玩着就做完了[脱单doge],https://api.bilibili.com/x/v2/reply/reply?pn=1&type=1&oid=558978076&mode=3&root=133132615520&type=1
133133638800,2022.10.10.16.02.55,4890593,阿盐是只喵,回复 @赶紧6级啊魂淡 :所以经常玩的人其实不知不觉就打完了。不过也可以在刷新前一两天看一眼检查一下哪些没做完顺手去弄一下,https://api.bilibili.com/x/v2/reply/reply?pn=1&type=1&oid=558978076&mode=3&root=133132615520&type=1
133138457888,2022.10.10.16.59.34,5843049,葵海之心,回复 @赶紧6级啊魂淡 :周常不用刻意去做，正常打就做完了[喜极而泣],https://api.bilibili.com/x/v2/reply/reply?pn=1&type=1&oid=558978076&mode=3&root=133132615520&type=1
133138625552,2022.10.10.17.01.19,33645727,赶紧6级啊魂淡,回复 @葵海之心 :是这样的[脱单doge],https://api.bilibili.com/x/v2/reply/reply?pn=1&type=1&oid=558978076&mode=3&root=133132615520&type=1
133625540912,2022.10.14.22.29.52,71128325,蒙古级上单,回复 @葵海之心 :我可以很明白的说是打不完的，实际上，11个任务里面有十个任务都是你随便打唯独那个团灭，我打到现在只打出来了六个，上一周的还是勉强完成的,https://api.bilibili.com/x/v2/reply/reply?pn=1&type=1&oid=558978076&mode=3&root=133132615520&type=1
133132359552,2022.10.10.15.46.35,326970588,Luyz-_-,直接升满，没啥时间玩啊,https://api.bilibili.com/x/v2/reply?pn=7&type=1&oid=558978076&mode=3
133131660384,2022.10.10.15.38.22,31679734,睡醒以后起飞,多少钱啊,https://api.bilibili.com/x/v2/reply?pn=7&type=1&oid=558978076&mode=3
133170247680,2022.10.10.21.43.51,4890593,阿盐是只喵,单高级战令1000金币，战令+20级等级2200金币,https://api.bilibili.com/x/v2/reply/reply?pn=1&type=1&oid=558978076&mode=3&root=133131660384&type=1
133364947456,2022.10.12.18.10.42,31679734,睡醒以后起飞,回复 @阿盐是只喵 :100块呗,https://api.bilibili.com/x/v2/reply/reply?pn=1&type=1&oid=558978076&mode=3&root=133131660384&type=1
133131441104,2022.10.10.15.34.43,630121095,宝贝天天丶,但是周常任务现在有bug[doge],https://api.bilibili.com/x/v2/reply?pn=7&type=1&oid=558978076&mode=3
133131468240,2022.10.10.15.35.45,4890593,阿盐是只喵,匹配排队的时候不要进死斗或者突击那些模式就行了,https://api.bilibili.com/x/v2/reply/reply?pn=1&type=1&oid=558978076&mode=3&root=133131441104&type=1
133132099872,2022.10.10.15.42.52,630121095,宝贝天天丶,回复 @阿盐是只喵 :学到了谢谢[打call],https://api.bilibili.com/x/v2/reply/reply?pn=1&type=1&oid=558978076&mode=3&root=133131441104&type=1
133134773168,2022.10.10.16.16.30,435530203,朝阿秃,那个打12500伤害的吗？我越打越少[大哭][大哭][大哭],https://api.bilibili.com/x/v2/reply/reply?pn=1&type=1&oid=558978076&mode=3&root=133131441104&type=1
133160579520,2022.10.10.20.20.05,630121095,宝贝天天丶,回复 @朝阿秃 :[拥抱],https://api.bilibili.com/x/v2/reply/reply?pn=1&type=1&oid=558978076&mode=3&root=133131441104&type=1
133129755008,2022.10.10.15.14.29,1828300411,烟斜雾横yxwh,日常任务里选择所有职业完成三场游戏我总是零进度不知道啥情况，打的是快速（选择职业）,https://api.bilibili.com/x/v2/reply?pn=7&type=1&oid=558978076&mode=3
133175569120,2022.10.10.22.28.57,5105749,平平无奇的杰洛特,周常任务好像有bug，在等待时间进死斗好像会不计成绩,https://api.bilibili.com/x/v2/reply/reply?pn=1&type=1&oid=558978076&mode=3&root=133129755008&type=1
133129541488,2022.10.10.15.10.57,37006542,鱻鱼铺子,另外想白嫖战令的同学建议一个赛季至少要有5周的周常得去做满，这样一个赛季才能有500金币，等下赛季再做满500金币就能嫖到战令了。这么说也是想说一个赛季还是留个4周歇一歇，做到50个级金币就够了，周常全做完感觉太累人了,https://api.bilibili.com/x/v2/reply?pn=7&type=1&oid=558978076&mode=3
133136781312,2022.10.10.16.40.52,156666055,sz超越神的帅周,5周不是300金币吗,https://api.bilibili.com/x/v2/reply/reply?pn=1&type=1&oid=558978076&mode=3&root=133129541488&type=1
133142923920,2022.10.10.17.44.34,37006542,鱻鱼铺子,回复 @sz超越神的帅周 :然后另外四周就每周只拿50金币就好了，不用全部做完，不就又有200金币了么,https://api.bilibili.com/x/v2/reply/reply?pn=1&type=1&oid=558978076&mode=3&root=133129541488&type=1
133205888144,2022.10.11.08.43.03,297776966,冷锋l,我现在已经16级了昨天刚发工资准备开通行证，每天都打两三个小时游戏打得完奖励吗,https://api.bilibili.com/x/v2/reply/reply?pn=1&type=1&oid=558978076&mode=3&root=133129541488&type=1
133208973744,2022.10.11.09.23.26,37006542,鱻鱼铺子,"回复 @冷锋l : 应该可以的吧，你自己算一下嘛，总经验值790000，9周也就是63天，每天日常做一下就是63*9000=567000，想要做完3个日常，对局怎么着至少也得完成3局吧，每局还有500到900多经验能拿，那就算作是每天获得1w经验，也就是一赛季每天光做日常就是630000，还剩16w经验，周常任务一个就有5k经验，16w / 5k = 32，也就是一赛季还要完成32个周常，32/9周=3.55555，就当是4个吧。
总结下来就是每天的日常清一下，每周做4个周常，正常来说你每天都清日常，周常也会在叠加，可能光是做日常的功夫就已经把4个周常做完了，所以还是轻轻松松的，更别提还有其他赛季任务啥的，也会加些杂七杂八的经验，所以每天两三小时绝对打得完战令。",https://api.bilibili.com/x/v2/reply/reply?pn=1&type=1&oid=558978076&mode=3&root=133129541488&type=1
134747741632,2022.10.24.01.06.52,172014651,coldhartT_T,萌新问一下现在还值得买战令吗，我现在25级玩了好几天（大学生每天晚上都有空玩）还有这个白嫖是什么意思，跟apex一样吗，是的话我就冲了。还有完成战令的话就是每天做日常任务还有周任务就可以了是吗。,https://api.bilibili.com/x/v2/reply/reply?pn=1&type=1&oid=558978076&mode=3&root=133129541488&type=1
134760523872,2022.10.24.08.06.12,37006542,鱻鱼铺子,回复 @coldhartT_T :每晚有空的话，直接冲没毛病，至于白嫖，战令是1000金币，一个赛季只能得到500金币，这样你就知道了[笑哭],https://api.bilibili.com/x/v2/reply/reply?pn=1&type=1&oid=558978076&mode=3&root=133129541488&type=1
134777393920,2022.10.24.11.14.38,172014651,coldhartT_T,"回复 @鱻鱼铺子 :90/45=2赛季
这样算也挺值的，就是得肝满才行。谢谢你的指导。马上买个战令开冲",https://api.bilibili.com/x/v2/reply/reply?pn=1&type=1&oid=558978076&mode=3&root=133129541488&type=1
134817816272,2022.10.24.17.47.02,172014651,coldhartT_T,回复 @鱻鱼铺子 :话说金币在哪里拿呀，不是跟apex一样奖励直接有吗,https://api.bilibili.com/x/v2/reply/reply?pn=1&type=1&oid=558978076&mode=3&root=133129541488&type=1
134823022016,2022.10.24.18.29.01,37006542,鱻鱼铺子,回复 @coldhartT_T :周常任务那里完成了自动获得,https://api.bilibili.com/x/v2/reply/reply?pn=1&type=1&oid=558978076&mode=3&root=133129541488&type=1
134826609696,2022.10.24.18.56.44,172014651,coldhartT_T,回复 @鱻鱼铺子 :现在还有40多天，我是不是拿不到500金币了呀？,https://api.bilibili.com/x/v2/reply/reply?pn=1&type=1&oid=558978076&mode=3&root=133129541488&type=1
134827802400,2022.10.24.19.05.33,37006542,鱻鱼铺子,回复 @coldhartT_T :你之前有打吗？这周是第三周，如果接下来周常都打满，可以有420金币，下赛季再全打满，540金币，那就是960，还差40金币[笑哭]。总体来说ow想续杯是比Apex难的，金币获取有时限，不是赛季末堆积着完成，而是每周都要跟进,https://api.bilibili.com/x/v2/reply/reply?pn=1&type=1&oid=558978076&mode=3&root=133129541488&type=1
134830745520,2022.10.24.19.28.33,172014651,coldhartT_T,回复 @鱻鱼铺子 :没有打呀，我是萌新来着T_T，感觉500金币与我无缘了。,https://api.bilibili.com/x/v2/reply/reply?pn=1&type=1&oid=558978076&mode=3&root=133129541488&type=1
133128945984,2022.10.10.15.04.37,13233093,心愉于CE,那个英雄好像是新手解锁英雄的挑战？,https://api.bilibili.com/x/v2/reply?pn=7&type=1&oid=558978076&mode=3
133128450016,2022.10.10.14.57.43,58412316,你的病情已经无药可医,原来花钱上班的出处是游戏战令[妙啊],https://api.bilibili.com/x/v2/reply?pn=7&type=1&oid=558978076&mode=3
133128557056,2022.10.10.14.58.59,396314785,叶凌泽,哈哈哈这么说合理起来了,https://api.bilibili.com/x/v2/reply/reply?pn=1&type=1&oid=558978076&mode=3&root=133128450016&type=1
133636319280,2022.10.14.23.54.05,37480049,電鋸刮胸毛,穷困手残党真的太难了，花钱上班我又没钱又肝不动，希望暴雪早点辞退我[大哭],https://api.bilibili.com/x/v2/reply/reply?pn=1&type=1&oid=558978076&mode=3&root=133128450016&type=1
133760778672,2022.10.15.23.02.18,37741162,风干香蕉,花钱上班最初应该指的是MMORPG的副本、日常周常 [滑稽],https://api.bilibili.com/x/v2/reply/reply?pn=1&type=1&oid=558978076&mode=3&root=133128450016&type=1
133127822800,2022.10.10.14.49.00,22049843,有我看着你呢-,花钱上班[大哭],https://api.bilibili.com/x/v2/reply?pn=7&type=1&oid=558978076&mode=3
133121551232,2022.10.10.13.29.34,1342353416,Evenlshtar,阿盐阿盐，我要肝三个号的战令，我快死了,https://api.bilibili.com/x/v2/reply?pn=7&type=1&oid=558978076&mode=3
133129579248,2022.10.10.15.12.28,4890593,阿盐是只喵,我两个[笑哭],https://api.bilibili.com/x/v2/reply/reply?pn=1&type=1&oid=558978076&mode=3&root=133121551232&type=1
133145137360,2022.10.10.18.04.00,32145218,i稚始稚终i,回复 @阿盐是只喵 :超啦 我也是两个 我放弃了小号,https://api.bilibili.com/x/v2/reply/reply?pn=1&type=1&oid=558978076&mode=3&root=133121551232&type=1
133119847536,2022.10.10.13.10.57,498686831,诺森德的宝藏,以后再有人混的时候我就会跟他说：你周常任务做完了吗？[doge],https://api.bilibili.com/x/v2/reply?pn=7&type=1&oid=558978076&mode=3
133636547008,2022.10.14.23.55.45,37480049,電鋸刮胸毛,什么恶魔低语[妙啊],https://api.bilibili.com/x/v2/reply/reply?pn=1&type=1&oid=558978076&mode=3&root=133119847536&type=1
133119304128,2022.10.10.13.06.21,498686831,诺森德的宝藏,补充：英雄任务是给新手和回归玩家获取未解锁英雄的任务，所以大部分玩家都是空的[脱单doge],https://api.bilibili.com/x/v2/reply?pn=7&type=1&oid=558978076&mode=3
133136496496,2022.10.10.16.36.28,13730567,璀-璨-星-辰,哦，怪不得，那任务有啥奖励啊,https://api.bilibili.com/x/v2/reply/reply?pn=1&type=1&oid=558978076&mode=3&root=133119304128&type=1
133140996576,2022.10.10.17.25.39,33969343,星尘瀚河,回复 @璀-璨-星-辰 :解锁英雄,https://api.bilibili.com/x/v2/reply/reply?pn=1&type=1&oid=558978076&mode=3&root=133119304128&type=1
133233067200,2022.10.11.13.40.23,299595213,夜之城不存在活的传奇,感谢，我还以为是什么英雄专属成就之类的，或者是解锁金色武器的一种前置条件,https://api.bilibili.com/x/v2/reply/reply?pn=1&type=1&oid=558978076&mode=3&root=133119304128&type=1
133312577296,2022.10.12.07.53.38,377629880,周美玲牙俐齿,我还以为是给以后pve留得[辣眼睛],https://api.bilibili.com/x/v2/reply/reply?pn=1&type=1&oid=558978076&mode=3&root=133119304128&type=1
133484637456,2022.10.13.19.20.57,35618850,窥夜,回复 @璀-璨-星-辰 : 认真的？,https://api.bilibili.com/x/v2/reply/reply?pn=1&type=1&oid=558978076&mode=3&root=133119304128&type=1
133491600816,2022.10.13.20.18.47,13730567,璀-璨-星-辰,回复 @窥夜 :啊？什么认真的？,https://api.bilibili.com/x/v2/reply/reply?pn=1&type=1&oid=558978076&mode=3&root=133119304128&type=1
133491862112,2022.10.13.20.21.21,35618850,窥夜,回复 @璀-璨-星-辰 :没……没事了,https://api.bilibili.com/x/v2/reply/reply?pn=1&type=1&oid=558978076&mode=3&root=133119304128&type=1
133111918736,2022.10.10.12.00.55,52161867,厚礼谢ccc,还好出守望2前半个月把号卖了1000块钱[呲牙],https://api.bilibili.com/x/v2/reply?pn=7&type=1&oid=558978076&mode=3
133128674448,2022.10.10.15.00.17,332220535,图图勇士红色炫彩,现在不是更值钱[滑稽],https://api.bilibili.com/x/v2/reply/reply?pn=1&type=1&oid=558978076&mode=3&root=133111918736&type=1
133130008576,2022.10.10.15.16.44,20774121,九五三_,号里都有啥,https://api.bilibili.com/x/v2/reply/reply?pn=1&type=1&oid=558978076&mode=3&root=133111918736&type=1
133131221472,2022.10.10.15.32.27,28224911,威图播,现在更值钱的，想一想新玩家涌入且皮肤加价,https://api.bilibili.com/x/v2/reply/reply?pn=1&type=1&oid=558978076&mode=3&root=133111918736&type=1
133142328432,2022.10.10.17.38.11,52161867,厚礼谢ccc,回复 @威图播 :无所谓，我主要也没时间玩了卖了接个有缘人挺好,https://api.bilibili.com/x/v2/reply/reply?pn=1&type=1&oid=558978076&mode=3&root=133111918736&type=1
133142342608,2022.10.10.17.38.35,52161867,厚礼谢ccc,回复 @图图勇士红色炫彩 :无所谓了卖了就卖了省的惦记。。。没时间玩996不容易啊。。。[笑哭],https://api.bilibili.com/x/v2/reply/reply?pn=1&type=1&oid=558978076&mode=3&root=133111918736&type=1
133110565168,2022.10.10.11.46.44,46199519,咩栗的咩栗,up姐姐是华农的吗qwq,https://api.bilibili.com/x/v2/reply?pn=7&type=1&oid=558978076&mode=3
133111056928,2022.10.10.11.52.01,4890593,阿盐是只喵,是哦,https://api.bilibili.com/x/v2/reply/reply?pn=1&type=1&oid=558978076&mode=3&root=133110565168&type=1
133112422912,2022.10.10.12.05.02,46199519,咩栗的咩栗,回复 @阿盐是只喵 :是校友！[咩栗_好耶],https://api.bilibili.com/x/v2/reply/reply?pn=1&type=1&oid=558978076&mode=3&root=133110565168&type=1
133110387488,2022.10.10.11.46.11,4427718,渡辺丶楼,感觉好难肝[doge]中年人望而却步,https://api.bilibili.com/x/v2/reply?pn=7&type=1&oid=558978076&mode=3
133129747632,2022.10.10.15.14.11,4890593,阿盐是只喵,阿楼先养好身体,https://api.bilibili.com/x/v2/reply/reply?pn=1&type=1&oid=558978076&mode=3&root=133110387488&type=1
133110230112,2022.10.10.11.44.29,2201220,菜狐漓Vege4kS-,"补充下80级后有称号拿
分别在85/95/105/120/130/155/175/200级
称号名字：无拘游民/新枪上膛/街头跑手/字节修复师/爆网黑客/数据掮客/科技骑士/赛博恶灵",https://api.bilibili.com/x/v2/reply?pn=7&type=1&oid=558978076&mode=3
133110373232,2022.10.10.11.45.44,4427718,渡辺丶楼,送你上去[妙啊],https://api.bilibili.com/x/v2/reply/reply?pn=1&type=1&oid=558978076&mode=3&root=133110230112&type=1
133128502608,2022.10.10.14.56.47,30740621,云年糕品鉴大师,不用黑科技能到200级？？？,https://api.bilibili.com/x/v2/reply/reply?pn=1&type=1&oid=558978076&mode=3&root=133110230112&type=1
133128844048,2022.10.10.15.02.28,315173438,买爆哥今天吃什么,回复 @云年糕品鉴大师 :昨天已经有人纯靠肝47级了,https://api.bilibili.com/x/v2/reply/reply?pn=1&type=1&oid=558978076&mode=3&root=133110230112&type=1
133129959504,2022.10.10.15.16.13,444184950,烧饼都有人用,？？？真的假的,https://api.bilibili.com/x/v2/reply/reply?pn=1&type=1&oid=558978076&mode=3&root=133110230112&type=1
133130019952,2022.10.10.15.17.10,24681196,Summa2y,回复 @S1KAS1 :我白天上着班，昨天晚上也到30了,https://api.bilibili.com/x/v2/reply/reply?pn=1&type=1&oid=558978076&mode=3&root=133110230112&type=1
133130957024,2022.10.10.15.29.49,399861602,-汐白-,纯肝目前5天37级,https://api.bilibili.com/x/v2/reply/reply?pn=1&type=1&oid=558978076&mode=3&root=133110230112&type=1
133135932640,2022.10.10.16.29.24,11360278,我的萨瓦图恩是白虎,5天23级了,https://api.bilibili.com/x/v2/reply/reply?pn=1&type=1&oid=558978076&mode=3&root=133110230112&type=1
133136402448,2022.10.10.16.34.40,47627165,怼我的和肖战白头偕老,回复 @S1KAS1 :？我才20,https://api.bilibili.com/x/v2/reply/reply?pn=1&type=1&oid=558978076&mode=3&root=133110230112&type=1
133137365056,2022.10.10.16.45.53,32915869,尧让,我今天上午刚到40,https://api.bilibili.com/x/v2/reply/reply?pn=1&type=1&oid=558978076&mode=3&root=133110230112&type=1
133143327248,2022.10.10.17.48.38,54235376,Tent_白书,4天32级，今天不想玩了好累,https://api.bilibili.com/x/v2/reply/reply?pn=1&type=1&oid=558978076&mode=3&root=133110230112&type=1
133159158720,2022.10.10.20.07.50,30740621,云年糕品鉴大师,回复 @S1KAS1 :毕竟小部分 有钱的都是没时间玩的上班族 打的这个主意,https://api.bilibili.com/x/v2/reply/reply?pn=1&type=1&oid=558978076&mode=3&root=133110230112&type=1
133168513696,2022.10.10.21.29.41,498686831,诺森德的宝藏,回复 @云年糕品鉴大师 : 买战令+组队+肝应该可以吧，不然他设置这个称号干嘛？[辣眼睛],https://api.bilibili.com/x/v2/reply/reply?pn=1&type=1&oid=558978076&mode=3&root=133110230112&type=1
133170464256,2022.10.10.21.47.23,16914242,*Vay（唯爱~）*,5天37级，现在逐渐不想打了，打的比我手游都要肝,https://api.bilibili.com/x/v2/reply/reply?pn=1&type=1&oid=558978076&mode=3&root=133110230112&type=1
133181037696,2022.10.10.23.13.04,30740621,云年糕品鉴大师,回复 @诺森德的宝藏 :应该可以 但是游戏真的太无聊了 没什么动力,https://api.bilibili.com/x/v2/reply/reply?pn=1&type=1&oid=558978076&mode=3&root=133110230112&type=1
133181238528,2022.10.10.23.14.04,30740621,云年糕品鉴大师,回复 @*Vay（唯爱~）* :我也是三十多 已经不想买以后的战令了 神级皮肤的diy好拉,https://api.bilibili.com/x/v2/reply/reply?pn=1&type=1&oid=558978076&mode=3&root=133110230112&type=1
133185570688,2022.10.10.23.51.23,354297834,路过的亚马逊骑士,现在我才31级[吃瓜],https://api.bilibili.com/x/v2/reply/reply?pn=1&type=1&oid=558978076&mode=3&root=133110230112&type=1
133191468944,2022.10.11.00.53.36,39352394,封不觉的燚龘,回复 @云年糕品鉴大师 :也可以靠钞能力qwq,https://api.bilibili.com/x/v2/reply/reply?pn=1&type=1&oid=558978076&mode=3&root=133110230112&type=1
133195465520,2022.10.11.02.15.22,23627204,Be-A-Gamer,但是后面的称号貌似需要20w一级 好像在鸭皮的视频里看到过,https://api.bilibili.com/x/v2/reply/reply?pn=1&type=1&oid=558978076&mode=3&root=133110230112&type=1
133215201984,2022.10.11.10.41.38,358358867,红尘滑稽qwq,肝不动了我4天33级,https://api.bilibili.com/x/v2/reply/reply?pn=1&type=1&oid=558978076&mode=3&root=133110230112&type=1
133224810144,2022.10.11.12.22.25,430294010,mc糊汤包小王子,看着你们四五天就上40级，失策了我还以为很难肝，我七百多像个大冤种一样，下个赛季还是慢慢肝吧,https://api.bilibili.com/x/v2/reply/reply?pn=1&type=1&oid=558978076&mode=3&root=133110230112&type=1
133294987584,2022.10.11.23.46.26,696164315,小洛没有上进心,纯肝 61级[脱单doge],https://api.bilibili.com/x/v2/reply/reply?pn=2&type=1&oid=558978076&mode=3&root=133110230112&type=1
133299427728,2022.10.12.00.30.42,470820803,爱吃西瓜LX,回复 @S1KAS1 :我纯肝已经52级了[吃瓜],https://api.bilibili.com/x/v2/reply/reply?pn=2&type=1&oid=558978076&mode=3&root=133110230112&type=1
133318649248,2022.10.12.09.29.59,31543298,安吉拉___,我肝到三十多级了，前几天特别有动力，但是今天游戏都不想玩了,https://api.bilibili.com/x/v2/reply/reply?pn=2&type=1&oid=558978076&mode=3&root=133110230112&type=1
133459122720,2022.10.13.15.06.30,645870862,DH00278,回复 @S1KAS1 :47很高吗。。。。。我看好几个都50多了,https://api.bilibili.com/x/v2/reply/reply?pn=2&type=1&oid=558978076&mode=3&root=133110230112&type=1
133497691376,2022.10.13.21.10.42,175580834,嘉嘉请吃饭,回复 @*Vay（唯爱~）* :确实[笑哭]任务都是赢就很无语，我就像玩快速爽，为什么不直接搞参加多少局。,https://api.bilibili.com/x/v2/reply/reply?pn=2&type=1&oid=558978076&mode=3&root=133110230112&type=1
133497654736,2022.10.13.21.10.55,175580834,嘉嘉请吃饭,回复 @mc糊汤包小王子 :别信,https://api.bilibili.com/x/v2/reply/reply?pn=2&type=1&oid=558978076&mode=3&root=133110230112&type=1
133550024896,2022.10.14.10.46.16,315173438,买爆哥今天吃什么,回复 @DH00278 :我发评论的前几天,https://api.bilibili.com/x/v2/reply/reply?pn=2&type=1&oid=558978076&mode=3&root=133110230112&type=1
133604706544,2022.10.14.19.41.52,11432906,nano-Kiriko,回复 @S1KAS1 :是我了,https://api.bilibili.com/x/v2/reply/reply?pn=2&type=1&oid=558978076&mode=3&root=133110230112&type=1
133623057360,2022.10.14.22.10.38,12256293,常盘台中学,回复 @mc糊汤包小王子 :早买早享受[呲牙],https://api.bilibili.com/x/v2/reply/reply?pn=2&type=1&oid=558978076&mode=3&root=133110230112&type=1
133634900624,2022.10.14.23.41.15,37480049,電鋸刮胸毛,回复 @安吉拉___ :不会触顶反弹然后玩吐了吗[哦呼]我连输几局就不想玩了,https://api.bilibili.com/x/v2/reply/reply?pn=2&type=1&oid=558978076&mode=3&root=133110230112&type=1
133662652288,2022.10.15.09.19.57,31543298,安吉拉___,回复 @電鋸刮胸毛 :我现在肝人机，快，一把700到1000经验,https://api.bilibili.com/x/v2/reply/reply?pn=2&type=1&oid=558978076&mode=3&root=133110230112&type=1
133713727936,2022.10.15.16.59.13,287176937,阿力还是帅的BBO,回复 @安吉拉___ : 我也是，直接萎靡了[呆],https://api.bilibili.com/x/v2/reply/reply?pn=2&type=1&oid=558978076&mode=3&root=133110230112&type=1
133814633056,2022.10.16.12.06.46,444725697,NBPLUSPROMAX,回复 @安吉拉___ :我也是，战令给的破铜烂铁根本就没有吸引力继续玩下去，经常被打的家都出不去，街机还有喷人的，无语了,https://api.bilibili.com/x/v2/reply/reply?pn=2&type=1&oid=558978076&mode=3&root=133110230112&type=1
133851621728,2022.10.16.17.41.54,21259445,冰皇零,回复 @安吉拉___ :今天肝到63我已经犯恶心了,https://api.bilibili.com/x/v2/reply/reply?pn=2&type=1&oid=558978076&mode=3&root=133110230112&type=1
133856277120,2022.10.16.18.22.46,31543298,安吉拉___,回复 @冰皇零 :主要有的任务你不肝一周打不完，我最烦那个团灭 20跟两种职责各赢10局,https://api.bilibili.com/x/v2/reply/reply?pn=2&type=1&oid=558978076&mode=3&root=133110230112&type=1
133896393120,2022.10.17.00.07.46,45998823,槿落f,不如叫无业游民[doge],https://api.bilibili.com/x/v2/reply/reply?pn=2&type=1&oid=558978076&mode=3&root=133110230112&type=1
133109042480,2022.10.10.11.30.42,90921247,今天吃点啥nbb,简介划重点“由于阿盐数学实在不好”[歪嘴],https://api.bilibili.com/x/v2/reply?pn=8&type=1&oid=558978076&mode=3
133109409104,2022.10.10.11.35.43,4890593,阿盐是只喵,？拆台是吧,https://api.bilibili.com/x/v2/reply/reply?pn=1&type=1&oid=558978076&mode=3&root=133109042480&type=1
133108167696,2022.10.10.11.22.24,19928119,huilixiao,最近新关注的，感觉up声音很好听[脱单doge],https://api.bilibili.com/x/v2/reply?pn=8&type=1&oid=558978076&mode=3
133129753680,2022.10.10.15.14.26,4890593,阿盐是只喵,哈哈哈真的吗谢谢,https://api.bilibili.com/x/v2/reply/reply?pn=1&type=1&oid=558978076&mode=3&root=133108167696&type=1
133130940544,2022.10.10.15.29.13,19928119,huilixiao,回复 @阿盐是只喵 :对的感觉说不出来，就是很emmmmm好听[doge],https://api.bilibili.com/x/v2/reply/reply?pn=1&type=1&oid=558978076&mode=3&root=133108167696&type=1
133107722016,2022.10.10.11.18.42,35358140,创世名扬_233,"省流：多玩！[doge][doge][doge]

tips：周常有个职责精通，可以通过生涯里的“急先锋”“刺杀者”“医疗兵”查询进度（仅限一般只玩一个位置的玩家）",https://api.bilibili.com/x/v2/reply?pn=8&type=1&oid=558978076&mode=3
133111086192,2022.10.10.11.52.53,4890593,阿盐是只喵,省流应该是：多做日常[阴险],https://api.bilibili.com/x/v2/reply/reply?pn=1&type=1&oid=558978076&mode=3&root=133107722016&type=1
133106824144,2022.10.10.11.09.36,9242117,刘刘刘刘刘刘海呀,作为up粉丝，提醒玩家们，日常刷新是20小时，但是，注意但是，如果你超过20小时还没登入游戏，他的日常倒计时会锁死，直到你上线才开始倒计时哦[脱单doge][脱单doge],https://api.bilibili.com/x/v2/reply?pn=8&type=1&oid=558978076&mode=3
133107032064,2022.10.10.11.12.24,68490314,天啦撸哇啊啊,按小时算，这个肝的吗[偷笑],https://api.bilibili.com/x/v2/reply/reply?pn=1&type=1&oid=558978076&mode=3&root=133106824144&type=1
133107314512,2022.10.10.11.14.36,9242117,刘刘刘刘刘刘海呀,回复 @天啦撸哇啊啊 :我就是发现了这个漏洞，那一天少算了6个小时，所以现在我每20小时准时登入一次，哪怕不打[脱单doge][脱单doge]毕竟，我要肝200级,https://api.bilibili.com/x/v2/reply/reply?pn=1&type=1&oid=558978076&mode=3&root=133106824144&type=1
133107551264,2022.10.10.11.16.56,130522592,艾宸eico,回复 @刘刘刘刘刘刘海呀 :请问一下只登游戏不打的话任务20小时后会刷新吗,https://api.bilibili.com/x/v2/reply/reply?pn=1&type=1&oid=558978076&mode=3&root=133106824144&type=1
133107763408,2022.10.10.11.18.34,9242117,刘刘刘刘刘刘海呀,回复 @艾宸eico :举个例子，你0点登入的，正常来说，当天20点，也就是晚上8点刷新，但是，你没登入。然后，他就会变成直到你登入的时候，才开始倒计时[脱单doge][脱单doge]不知道你听懂没,https://api.bilibili.com/x/v2/reply/reply?pn=1&type=1&oid=558978076&mode=3&root=133106824144&type=1
133108284320,2022.10.10.11.24.25,130522592,艾宸eico,回复 @刘刘刘刘刘刘海呀 :[小电视_笑]了解了,https://api.bilibili.com/x/v2/reply/reply?pn=1&type=1&oid=558978076&mode=3&root=133106824144&type=1
133112810192,2022.10.10.12.07.46,5159474,saveyoufromanything,回复 @刘刘刘刘刘刘海呀 :没听懂[笑哭],https://api.bilibili.com/x/v2/reply/reply?pn=1&type=1&oid=558978076&mode=3&root=133106824144&type=1
133122707920,2022.10.10.13.44.13,66035768,负荷荷荷荷,回复 @刘刘刘刘刘刘海呀 :这后半句话还是没看懂[笑哭][笑哭],https://api.bilibili.com/x/v2/reply/reply?pn=1&type=1&oid=558978076&mode=3&root=133106824144&type=1
133123145824,2022.10.10.13.48.12,9242117,刘刘刘刘刘刘海呀,回复 @负荷荷荷荷 :游戏日常，20小时更新，假设我0点打游戏，是不是按照正常理论，当天晚上八点（20点）更新对吧。假设我晚上八点没登入游戏，第二天早上8点打，这样算起来，是不是认为日常倒计时已经是8小时了（20点到第二天早上是不是12小时）。但是你登入游戏发现，它倒计时还是20小时。，不知道你懂不懂我这个举例子,https://api.bilibili.com/x/v2/reply/reply?pn=1&type=1&oid=558978076&mode=3&root=133106824144&type=1
133128684512,2022.10.10.15.00.41,37006542,鱻鱼铺子,"回复 @刘刘刘刘刘刘海呀 :按我的理解给你补充下。
像你这样的玩家第一天0点登入，打第一次日常，20点刷新，然后你在20点登录但没打而是立刻退出，等第二天早上打第二次日常，这时候第二天就会在16点刷新出第三次的日常，也就是说，在这两天时间里，你能获得刷满3次日常的机会。
而随性的玩家可能第一天0点登入，做完第一次日常退出，第二天早上八点起床登入，这时候才刷新出第二次日常，并开始倒计时，然后这就需要等到第三天4点才能刷新，也就是说两天时间里，该玩家只能获得两次刷满日常的机会",https://api.bilibili.com/x/v2/reply/reply?pn=1&type=1&oid=558978076&mode=3&root=133106824144&type=1
133131666912,2022.10.10.15.38.36,9242117,刘刘刘刘刘刘海呀,回复 @鱻鱼铺子 :五天24小时*5等于120小时，普通人可能只能打五个日常，肝帝能打六次[脱单doge],https://api.bilibili.com/x/v2/reply/reply?pn=1&type=1&oid=558978076&mode=3&root=133106824144&type=1
133180699328,2022.10.10.23.10.19,2007667731,梦长路更多,回复 @刘刘刘刘刘刘海呀 :求教这种方法 你一般是几点上线打 我也想肝200级,https://api.bilibili.com/x/v2/reply/reply?pn=1&type=1&oid=558978076&mode=3&root=133106824144&type=1
133190207232,2022.10.11.00.37.49,9242117,刘刘刘刘刘刘海呀,回复 @梦长路更多 : 我私信你了,https://api.bilibili.com/x/v2/reply/reply?pn=1&type=1&oid=558978076&mode=3&root=133106824144&type=1
133216054416,2022.10.11.10.54.04,2821502,板珀崎部,回复 @刘刘刘刘刘刘海呀 :[脸红]请问每20小时登录一次但是不打的话日常任务能累计吗,https://api.bilibili.com/x/v2/reply/reply?pn=1&type=1&oid=558978076&mode=3&root=133106824144&type=1
133216741360,2022.10.11.11.01.11,9242117,刘刘刘刘刘刘海呀,回复 @板珀崎部 :不能哦,https://api.bilibili.com/x/v2/reply/reply?pn=1&type=1&oid=558978076&mode=3&root=133106824144&type=1
133106252080,2022.10.10.11.03.40,9242117,刘刘刘刘刘刘海呀,[脱单doge][脱单doge]我提供的日常冷知识，占楼，一键三连，顺带一提，满级200级，有，隐藏成就，我已经42了,https://api.bilibili.com/x/v2/reply?pn=8&type=1&oid=558978076&mode=3
133127286096,2022.10.10.14.40.25,1894039531,是托尔呐,你这玩的好多[doge][doge],https://api.bilibili.com/x/v2/reply/reply?pn=1&type=1&oid=558978076&mode=3&root=133106252080&type=1
133131723360,2022.10.10.15.39.19,9242117,刘刘刘刘刘刘海呀,回复 @是托尔呐 :我可是ow第一年第一批肝帝，坚持到现在的，容我嚣张一下[脱单doge][脱单doge],https://api.bilibili.com/x/v2/reply/reply?pn=1&type=1&oid=558978076&mode=3&root=133106252080&type=1
133106116000,2022.10.10.11.02.50,52665299,一格里纳米,中老年适合玩什么位置，有推荐的英雄吗[辣眼睛],https://api.bilibili.com/x/v2/reply?pn=8&type=1&oid=558978076&mode=3
133106272928,2022.10.10.11.04.20,643354731,TYRI0N,先玩C吧，麦克雷和76这种传统枪位就不错,https://api.bilibili.com/x/v2/reply/reply?pn=1&type=1&oid=558978076&mode=3&root=133106116000&type=1
133110474448,2022.10.10.11.46.59,372276461,冥工76,回复 @岩浆暴瘦者TYRION :需要枪法的，新人一般都很马，尤其是fps新手更是马中马，所以我建议狂鼠和托比昂,https://api.bilibili.com/x/v2/reply/reply?pn=1&type=1&oid=558978076&mode=3&root=133106116000&type=1
133114055920,2022.10.10.12.19.49,160234233,啊啊啊啊啊星空啊,中老年人就玩中老年人，大锤大爷搞起来,https://api.bilibili.com/x/v2/reply/reply?pn=1&type=1&oid=558978076&mode=3&root=133106116000&type=1
133121317040,2022.10.10.13.27.05,7839803,捂脸干拉,就玩76呗  啥都不管就是瞄准杀人就行了,https://api.bilibili.com/x/v2/reply/reply?pn=1&type=1&oid=558978076&mode=3&root=133106116000&type=1
133129597872,2022.10.10.15.13.13,27201963,异常行为WZJZDM,回复 @啊啊啊啊啊星空啊 :别，现在t不能拉,https://api.bilibili.com/x/v2/reply/reply?pn=1&type=1&oid=558978076&mode=3&root=133106116000&type=1
133136393520,2022.10.10.16.35.50,13730567,璀-璨-星-辰,推荐莫伊拉，不用瞄准，能c能辅，移动灵活,https://api.bilibili.com/x/v2/reply/reply?pn=1&type=1&oid=558978076&mode=3&root=133106116000&type=1
133153134608,2022.10.10.19.13.56,160234233,啊啊啊啊啊星空啊,回复 @异常行为WZJZDM :会卡位置就行了，t是最简单的[热],https://api.bilibili.com/x/v2/reply/reply?pn=1&type=1&oid=558978076&mode=3&root=133106116000&type=1
133154314880,2022.10.10.19.26.11,4890593,阿盐是只喵,我的建议是根据自己喜好来最好,https://api.bilibili.com/x/v2/reply/reply?pn=1&type=1&oid=558978076&mode=3&root=133106116000&type=1
133214644240,2022.10.11.10.35.50,4931980,登州麒麟儿,T美羊羊猩猩 c狂鼠 奶莫姨DJ,https://api.bilibili.com/x/v2/reply/reply?pn=1&type=1&oid=558978076&mode=3&root=133106116000&type=1
133219743936,2022.10.11.11.34.29,7861623,KISSSHOTLM,回复 @岩浆暴瘦者TYRION :别把，这俩英雄枪法不合格的话，在这版本纯纯就是待宰羔羊，就算枪法合格遇见会玩的狗位也没啥用，还是从莫伊拉玩起吧。,https://api.bilibili.com/x/v2/reply/reply?pn=1&type=1&oid=558978076&mode=3&root=133106116000&type=1
133225261904,2022.10.11.12.27.25,428983,瓶蓋,中老年啊，托比昂阿三呀～,https://api.bilibili.com/x/v2/reply/reply?pn=1&type=1&oid=558978076&mode=3&root=133106116000&type=1
