114229928080,2022.05.25.00.24.03,4890593,阿盐是只喵,推推新的搞笑+精彩集锦：BV1Sv4y1A727,https://api.bilibili.com/x/v2/reply/main?jsonp=jsonp&type=1&oid=596000026&mode=3
126232015376,2022.08.18.14.28.56,1013812297,Tomm里德尔,我想起一个铺场的被我从一条空隙中啃了,https://api.bilibili.com/x/v2/reply?pn=1&type=1&oid=596000026&mode=3
126243655936,2022.08.18.16.04.44,4890593,阿盐是只喵,《见缝插针》,https://api.bilibili.com/x/v2/reply/reply?pn=1&type=1&oid=596000026&mode=3&root=126232015376&type=1
114068134576,2022.05.23.18.44.08,22425674,Mr透明er,"满脑子都是
“看不见我”
哈哈哈哈哈哈哈哈太魔性了",https://api.bilibili.com/x/v2/reply?pn=1&type=1&oid=596000026&mode=3
114075808096,2022.05.23.19.42.08,4890593,阿盐是只喵,看不见我～,https://api.bilibili.com/x/v2/reply/reply?pn=1&type=1&oid=596000026&mode=3&root=114068134576&type=1
113381800544,2022.05.18.00.25.38,64514522,cnnnty,最近打卢娜，遇到瓜哥就开始笑了，看我猪突猛进[doge],https://api.bilibili.com/x/v2/reply?pn=1&type=1&oid=596000026&mode=3
113187639312,2022.05.16.12.08.21,668671678,正派的暗夜灵魂,就是因为哈利，我放弃了单排去双排冲殿堂了[辣眼睛][doge],https://api.bilibili.com/x/v2/reply?pn=1&type=1&oid=596000026&mode=3
112913447632,2022.05.14.11.10.20,40153933,C9110-旧,我上次这么搞了两次那瓜哥就学精了,https://api.bilibili.com/x/v2/reply?pn=1&type=1&oid=596000026&mode=3
112859079888,2022.05.13.22.08.19,877338,燕喜团子,其实真的，瓜满前后，对面绝对两个人，因为我是对面,https://api.bilibili.com/x/v2/reply?pn=1&type=1&oid=596000026&mode=3
112807143440,2022.05.13.15.34.47,110951253,风的恋慕,打双人 曾经有个孩子也是这么调戏我和我小伙伴的躲了2发瓜  直到最后我小伙伴瞄对角线一发瓜 他飞过来 创枪口上了  当场去世,https://api.bilibili.com/x/v2/reply?pn=1&type=1&oid=596000026&mode=3
112695349568,2022.05.12.17.04.07,22838605,于懿,其实速速禁锢也可以闪现[doge]拿飞沙骗扫把然后闪现还是可以抓,https://api.bilibili.com/x/v2/reply?pn=1&type=1&oid=596000026&mode=3
112660106048,2022.05.12.10.55.16,405207153,雨女想恰蒜香理理鸭,Up加个好友呗，切磋切磋[妙啊],https://api.bilibili.com/x/v2/reply?pn=1&type=1&oid=596000026&mode=3
112660027968,2022.05.12.10.54.40,405207153,雨女想恰蒜香理理鸭,对面太急啦，不然哈利是打不赢大瓜的[OK],https://api.bilibili.com/x/v2/reply?pn=1&type=1&oid=596000026&mode=3
112607538096,2022.05.11.21.58.59,385038206,Daily-Weaker,🆘喜欢玩不带控闪瓜的我🉑太喜欢扫帚了[阴险]近飞直接起落手，远飞到我半场一般就回不去了[脱单doge]除非时间卡很准（计算好我瓜伤害打出来的时候恰好在扫帚飞行速度较快且与我闪的方向处于基本垂直（即起后或落前0.5s左右）的时候）,https://api.bilibili.com/x/v2/reply?pn=1&type=1&oid=596000026&mode=3
112576783536,2022.05.11.18.27.47,452218964,Landers_,"其实瓜瓜不要太急 不要放了控制就赶紧接瓜[跪了]
像我老公上次和我一起练杖 他丢了个充气我默默然躲了 but他没有立刻接瓜[灵魂出窍] 等我马上落地的时候反手把我瓜死了[保卫萝卜_哭哭]",https://api.bilibili.com/x/v2/reply?pn=1&type=1&oid=596000026&mode=3
112575736736,2022.05.11.18.18.50,397308228,乌木不方圆,单人和双人野排我超爱瓜哥！！！双子树马棋龟壳打瓜哥还没输过[doge]（哈哈哈哈有一次网络波动傻站着随便对面啃啃掉三辆车还赢了哈哈哈哈哈哈哈哈哈哈我觉得瓜哥心态都要崩了（但是！但是！玩得好的瓜哥瓜姐真的超帅！！！超级超级帅！之前双排遇到一位火龙帅哥啃得一手好瓜！真的太有安全感了！！！阿瓦达真的很需要技术！我玩不来，但我致敬每一位在动物园横行的决斗场坚持啃瓜的对手！非常厉害[给心心][给心心][给心心],https://api.bilibili.com/x/v2/reply?pn=1&type=1&oid=596000026&mode=3
112564420560,2022.05.11.16.38.42,316866385,宫野小姐的猫,哈哈哈哈哈哈哈哈哈哈阿瓦达玩家已经开始气了,https://api.bilibili.com/x/v2/reply?pn=1&type=1&oid=596000026&mode=3
112463742160,2022.05.10.20.11.34,12966527,壤驷沉,这就不得不提一下之前双排遇到的对面憨憨瓜哥了[Cat2_EatDonut]队友二倒，他跟我都残了。我队友在车上，我想断他拉人，他突然断拉人啃我，直接撞我除武上了，寄[Cat2_Hoop!],https://api.bilibili.com/x/v2/reply?pn=1&type=1&oid=596000026&mode=3
111945756000,2022.05.06.16.44.58,34898507,平旦的七座岛_岛主,给你点赞了……就冲反瓜联盟,https://api.bilibili.com/x/v2/reply?pn=1&type=1&oid=596000026&mode=3
111800387968,2022.05.05.12.18.07,2299936,吃饭就像打仗,这种时候变形中了之后补充气稳死啊 扫帚还方便定位了,https://api.bilibili.com/x/v2/reply?pn=1&type=1&oid=596000026&mode=3
111660976912,2022.05.04.10.20.29,1700111771,苦艾ddddddmsip,拜托，我超喜欢遇见同行的，毕竟我带的是变形咒，比较快[doge],https://api.bilibili.com/x/v2/reply?pn=1&type=1&oid=596000026&mode=3
111681291088,2022.05.04.13.04.03,4890593,阿盐是只喵,变形咒改版后慢很多了,https://api.bilibili.com/x/v2/reply/reply?pn=1&type=1&oid=596000026&mode=3&root=111660976912&type=1
112330804880,2022.05.09.17.58.50,556422262,闫_Yan,回覆 @阿盐是只喵 :闪到中线放[doge],https://api.bilibili.com/x/v2/reply/reply?pn=1&type=1&oid=596000026&mode=3&root=111660976912&type=1
112330907376,2022.05.09.17.59.47,556422262,闫_Yan,回覆 @阿盐是只喵 :啃瓜人主动站到中线准没好事[doge],https://api.bilibili.com/x/v2/reply/reply?pn=1&type=1&oid=596000026&mode=3&root=111660976912&type=1
111598739072,2022.05.03.20.20.41,413148852,yooooooo_,@我是一个厉害的大1,https://api.bilibili.com/x/v2/reply?pn=1&type=1&oid=596000026&mode=3
111556375024,2022.05.03.14.16.22,210338960,鲨鱼小香蕉,似李，黑魔仙小月,https://api.bilibili.com/x/v2/reply?pn=2&type=1&oid=596000026&mode=3
111588454016,2022.05.03.19.01.36,4890593,阿盐是只喵,哈哈哈哈,https://api.bilibili.com/x/v2/reply/reply?pn=1&type=1&oid=596000026&mode=3&root=111556375024&type=1
111326088720,2022.05.01.19.13.47,661412735,史莱姆皇后,上一个荣誉这样做的已经被空中啃了[doge],https://api.bilibili.com/x/v2/reply?pn=2&type=1&oid=596000026&mode=3
111332559840,2022.05.01.20.03.16,4890593,阿盐是只喵,这个号是殿堂,https://api.bilibili.com/x/v2/reply/reply?pn=1&type=1&oid=596000026&mode=3&root=111326088720&type=1
111289665712,2022.05.01.14.04.12,40096744,烦死了到底叫什么名,哈哈哈哈哈哈好有趣,https://api.bilibili.com/x/v2/reply?pn=2&type=1&oid=596000026&mode=3
111283206608,2022.05.01.13.08.35,701735099,斯莱特林永不言弃,这是一门技术[妙啊],https://api.bilibili.com/x/v2/reply?pn=2&type=1&oid=596000026&mode=3
111262639088,2022.05.01.10.22.03,353595505,吃什么代餐吃我一拳,今晚又要多一个睡不着觉的[doge],https://api.bilibili.com/x/v2/reply?pn=2&type=1&oid=596000026&mode=3
111167488800,2022.04.30.16.04.55,433419233,J阿幸幸幸幸幸ry,这不防空炮一手,https://api.bilibili.com/x/v2/reply?pn=2&type=1&oid=596000026&mode=3
111165793200,2022.04.30.15.48.04,492289548,Rnmdior,这位哥心有点急，先用变形勾引一下，然后瞅着扫把落地位置估着时间放瓜，不用控制都能中[OK],https://api.bilibili.com/x/v2/reply?pn=2&type=1&oid=596000026&mode=3
111166036352,2022.04.30.15.50.30,492289548,Rnmdior,我学会了，反向学习法[OK],https://api.bilibili.com/x/v2/reply/reply?pn=1&type=1&oid=596000026&mode=3&root=111165793200&type=1
111078818048,2022.04.29.21.29.31,2303027,彼尔德兕唧,笑得好开心哈哈哈哈,https://api.bilibili.com/x/v2/reply?pn=2&type=1&oid=596000026&mode=3
111040421264,2022.04.29.16.04.59,103239091,狡啮夏油杰西索承太郎,正义的傲罗[妙啊][妙啊][妙啊],https://api.bilibili.com/x/v2/reply?pn=2&type=1&oid=596000026&mode=3
111022774864,2022.04.29.12.54.18,385493164,浅忆中人,好绝[妙啊]还没有碰到过这么厉害的扫帚玩家哈哈哈，之前我手滑放错了大瓜，我觉得我要完了，结果对面玩家自己飞了过来[妙啊]我真的快笑死,https://api.bilibili.com/x/v2/reply?pn=2&type=1&oid=596000026&mode=3
111031089712,2022.04.29.14.16.14,4890593,阿盐是只喵,我是魁地奇小能手[doge],https://api.bilibili.com/x/v2/reply/reply?pn=1&type=1&oid=596000026&mode=3&root=111022774864&type=1
111007228432,2022.04.29.10.26.39,390439090,我真的摆烂啦1,碰到瓜就很快乐毕竟我是个带罩子和默默然的小斯内普[狗子],https://api.bilibili.com/x/v2/reply?pn=2&type=1&oid=596000026&mode=3
110982678672,2022.04.29.00.38.06,164083670,Shu说要加入我和Mysta,我就不一样了 速转除你武器[狗子][藏狐],https://api.bilibili.com/x/v2/reply?pn=2&type=1&oid=596000026&mode=3
110982976368,2022.04.29.00.41.32,164083670,Shu说要加入我和Mysta,而且我也是多比[doge],https://api.bilibili.com/x/v2/reply/reply?pn=1&type=1&oid=596000026&mode=3&root=110982678672&type=1
110973433056,2022.04.28.23.17.17,694489010,ppgv,@幽穗 他内个看不见我是真的吗,https://api.bilibili.com/x/v2/reply?pn=2&type=1&oid=596000026&mode=3
110974120720,2022.04.28.23.22.14,1433315280,Badger-獾,假的吧,https://api.bilibili.com/x/v2/reply/reply?pn=1&type=1&oid=596000026&mode=3&root=110973433056&type=1
110974222992,2022.04.28.23.22.47,694489010,ppgv,卡是可以自己配音的啊,https://api.bilibili.com/x/v2/reply/reply?pn=1&type=1&oid=596000026&mode=3&root=110973433056&type=1
110974254352,2022.04.28.23.23.09,694489010,ppgv,熟练度到了不就可以嘛,https://api.bilibili.com/x/v2/reply/reply?pn=1&type=1&oid=596000026&mode=3&root=110973433056&type=1
110973243024,2022.04.28.23.14.59,694489010,ppgv,@幽穗 笑笑到了,https://api.bilibili.com/x/v2/reply?pn=2&type=1&oid=596000026&mode=3
110974006128,2022.04.28.23.21.10,1433315280,Badger-獾,殿堂大佬的技术,https://api.bilibili.com/x/v2/reply/reply?pn=1&type=1&oid=596000026&mode=3&root=110973243024&type=1
110967328608,2022.04.28.22.31.07,284815414,蓝色的落叶blue,可以诶，换我扫帚接瓜[doge],https://api.bilibili.com/x/v2/reply?pn=2&type=1&oid=596000026&mode=3
110961842480,2022.04.28.21.48.25,622441727,风痕殇Z,但凡对面晚点放落地瓜[doge],https://api.bilibili.com/x/v2/reply?pn=2&type=1&oid=596000026&mode=3
110916022416,2022.04.28.14.44.42,83584510,抖抖o3o,好强！,https://api.bilibili.com/x/v2/reply?pn=2&type=1&oid=596000026&mode=3
110916819184,2022.04.28.14.54.10,4890593,阿盐是只喵,mu a,https://api.bilibili.com/x/v2/reply/reply?pn=1&type=1&oid=596000026&mode=3&root=110916022416&type=1
110909238928,2022.04.28.13.28.49,349287435,我还能说啥呵,我在想如果他闪充或闪变形的话会不会好点,https://api.bilibili.com/x/v2/reply?pn=2&type=1&oid=596000026&mode=3
110915310192,2022.04.28.14.36.26,4890593,阿盐是只喵,充气闪就不好躲,https://api.bilibili.com/x/v2/reply/reply?pn=1&type=1&oid=596000026&mode=3&root=110909238928&type=1
110891424272,2022.04.28.10.46.27,470364301,symnaxmn,我每次都骑着扫把在空中被啃掉[大哭],https://api.bilibili.com/x/v2/reply?pn=2&type=1&oid=596000026&mode=3
110881547264,2022.04.28.08.45.48,525609159,撸猫抽大烟,我也玩哈利，那天排位遇到两个多比瓜，第一个骑扫把落地时候给我打下来，另一个我还没飞半圈就给我啃了[笑哭],https://api.bilibili.com/x/v2/reply?pn=2&type=1&oid=596000026&mode=3
110824627088,2022.04.27.19.27.10,442209085,生长素的两重性,原来不是我一个人喜欢骑着扫帚躲瓜[doge],https://api.bilibili.com/x/v2/reply?pn=3&type=1&oid=596000026&mode=3
110797660960,2022.04.27.15.18.10,43258034,织梦傻傻,早期哈利波特对战伏地魔[脱单doge],https://api.bilibili.com/x/v2/reply?pn=3&type=1&oid=596000026&mode=3
110781415440,2022.04.27.12.30.29,8945,盐焗鸡腿饭,这语音太好笑了笑到关注[热词系列_知识增加][热词系列_知识增加],https://api.bilibili.com/x/v2/reply?pn=3&type=1&oid=596000026&mode=3
110789326096,2022.04.27.13.39.43,4890593,阿盐是只喵,哈哈哈谢谢,https://api.bilibili.com/x/v2/reply/reply?pn=1&type=1&oid=596000026&mode=3&root=110781415440&type=1
110777869728,2022.04.27.12.01.00,407798608,CharmingMethyl,之前有一次语音错乱的bug，我好像盲盒到您的雾的语音了,https://api.bilibili.com/x/v2/reply?pn=3&type=1&oid=596000026&mode=3
110789310256,2022.04.27.13.39.14,4890593,阿盐是只喵,真的假的,https://api.bilibili.com/x/v2/reply/reply?pn=1&type=1&oid=596000026&mode=3&root=110777869728&type=1
110805418544,2022.04.27.16.45.34,407798608,CharmingMethyl,回复 @阿盐是只喵 :语气有点像，也有可能不是,https://api.bilibili.com/x/v2/reply/reply?pn=1&type=1&oid=596000026&mode=3&root=110777869728&type=1
110775829808,2022.04.27.11.42.11,524978767,炸房挂乌墓檎,我啃别人的时候都是在返程圆弧的时候瓜，每次都中，这几个瓜哥都急了,https://api.bilibili.com/x/v2/reply?pn=3&type=1&oid=596000026&mode=3
110768084240,2022.04.27.10.16.19,351763407,无敌飞天暴龙大王,确实菜,https://api.bilibili.com/x/v2/reply?pn=3&type=1&oid=596000026&mode=3
110765232592,2022.04.27.09.42.03,26535149,啥时能到六级啊,@你别再说什么什么了 哈哈哈哈哈哈哈太解压了，啃瓜去死[tv_无奈],https://api.bilibili.com/x/v2/reply?pn=3&type=1&oid=596000026&mode=3
110809087936,2022.04.27.17.21.37,167099381,你别再说什么什么了,不知道谁昨天晚上九转瓜瓜[tv_调侃][tv_调侃],https://api.bilibili.com/x/v2/reply/reply?pn=1&type=1&oid=596000026&mode=3&root=110765232592&type=1
110813061744,2022.04.27.17.55.16,26535149,啥时能到六级啊,回复 @你别再说什么什么了 :此瓜非彼瓜[脱单doge][脱单doge][脱单doge],https://api.bilibili.com/x/v2/reply/reply?pn=1&type=1&oid=596000026&mode=3&root=110765232592&type=1
110764915072,2022.04.27.09.37.41,1322547746,帝俊先生,很菜的瓜[歪嘴],https://api.bilibili.com/x/v2/reply?pn=3&type=1&oid=596000026&mode=3
110731995984,2022.04.26.22.55.25,4041984,米自閉基羅,别人是扫帚躲瓜，我是扫帚接瓜[大哭][大哭][大哭],https://api.bilibili.com/x/v2/reply?pn=3&type=1&oid=596000026&mode=3
111040439552,2022.04.29.16.05.36,103239091,狡啮夏油杰西索承太郎,+1 还有扫帚接烟花 飞回来完美吃最大伤害[大哭][大哭][大哭][大哭],https://api.bilibili.com/x/v2/reply/reply?pn=1&type=1&oid=596000026&mode=3&root=110731995984&type=1
112330695328,2022.05.09.17.58.06,556422262,闫_Yan,你这个还好，有次我内战对面直接闪到我跟前接瓜[笑哭],https://api.bilibili.com/x/v2/reply/reply?pn=1&type=1&oid=596000026&mode=3&root=110731995984&type=1
112708118208,2022.05.12.18.57.57,33017734,纯白吸血姬,我曾经默默然接瓜[辣眼睛],https://api.bilibili.com/x/v2/reply/reply?pn=1&type=1&oid=596000026&mode=3&root=110731995984&type=1
114024890544,2022.05.23.11.17.02,34587976,茶茗阁儿,门钥匙接瓜试过吗？我试过,https://api.bilibili.com/x/v2/reply/reply?pn=1&type=1&oid=596000026&mode=3&root=110731995984&type=1
114311237264,2022.05.25.19.15.35,4041984,米自閉基羅,回复 @茶茗阁儿 :哈哈哈哈哈哈哈哈哈哈哈太惨了,https://api.bilibili.com/x/v2/reply/reply?pn=1&type=1&oid=596000026&mode=3&root=110731995984&type=1
110716894432,2022.04.26.20.58.10,318572197,手冩从前,但凡对面会防空炮[吃瓜],https://api.bilibili.com/x/v2/reply?pn=3&type=1&oid=596000026&mode=3
110707333584,2022.04.26.19.40.11,40079911,雷格西是呆狗子,扫帚还是挺容易死的所以我都带鞋[tv_doge],https://api.bilibili.com/x/v2/reply?pn=3&type=1&oid=596000026&mode=3
110702942224,2022.04.26.19.04.11,23089316,18岁的清纯女大学生,今天刚下扫帚就被啃死了[笑哭],https://api.bilibili.com/x/v2/reply?pn=3&type=1&oid=596000026&mode=3
110702913088,2022.04.26.19.03.29,178463201,白夜汐月,弗利维玩家，对面的阿瓦达叠的很快，但是与阿瓦达一起叠起来的，还有我场的满地动物和对面的绝望,https://api.bilibili.com/x/v2/reply?pn=3&type=1&oid=596000026&mode=3
110706060352,2022.04.26.19.30.01,4890593,阿盐是只喵,雪球滚起来,https://api.bilibili.com/x/v2/reply/reply?pn=1&type=1&oid=596000026&mode=3&root=110702913088&type=1
110707991056,2022.04.26.19.45.28,178463201,白夜汐月,回复 @阿盐是只喵 :站后排雪球根本打不到，前面全是动物,https://api.bilibili.com/x/v2/reply/reply?pn=1&type=1&oid=596000026&mode=3&root=110702913088&type=1
110708054896,2022.04.26.19.46.06,4890593,阿盐是只喵,回复 @白夜汐月 :我的意思是生物越来越多比喻成滚雪球,https://api.bilibili.com/x/v2/reply/reply?pn=1&type=1&oid=596000026&mode=3&root=110702913088&type=1
110731719968,2022.04.26.22.52.59,178463201,白夜汐月,回复 @阿盐是只喵 :哈哈哈哈哈[doge],https://api.bilibili.com/x/v2/reply/reply?pn=1&type=1&oid=596000026&mode=3&root=110702913088&type=1
110702293904,2022.04.26.18.58.56,124687294,本林本立的,打出控技后等零点几秒看有没有控到应该是黑巫师的基础本领，这人学的很不精通啊（,https://api.bilibili.com/x/v2/reply?pn=3&type=1&oid=596000026&mode=3
110700611648,2022.04.26.18.45.38,99405089,帕丁顿Bearr,两棵树教啃大瓜做人,https://api.bilibili.com/x/v2/reply?pn=3&type=1&oid=596000026&mode=3
110694579280,2022.04.26.17.57.25,614882237,Cindy_田田心,我都是往自己跟前扔一群小蜘蛛，小精灵这种低费且量大的召唤物，瓜哥就算有霹雳爆炸也解不过来，啃又啃不到，可难受了,https://api.bilibili.com/x/v2/reply?pn=3&type=1&oid=596000026&mode=3
110701327424,2022.04.26.18.50.56,4890593,阿盐是只喵,低飞生物一个飞沙就没了，也要注意自己走位,https://api.bilibili.com/x/v2/reply/reply?pn=1&type=1&oid=596000026&mode=3&root=110694579280&type=1
110708086096,2022.04.26.19.45.20,1822490223,左迁至蓝关示侄孙湘,想起有一次我对瓜哥，我用动物园，他刚除完场我就铺，瓜了我3只动物,https://api.bilibili.com/x/v2/reply/reply?pn=1&type=1&oid=596000026&mode=3&root=110694579280&type=1
110712542704,2022.04.26.20.23.03,614882237,Cindy_田田心,回复 @左迁至蓝关示侄孙湘 :我对面瓜都叠满了，到最后被小精灵小蜘蛛啃没了，不止一次[喜极而泣],https://api.bilibili.com/x/v2/reply/reply?pn=1&type=1&oid=596000026&mode=3&root=110694579280&type=1
110820479008,2022.04.27.18.54.24,7979575,小亏医生,[doge]我都是，气球，飞沙，瓜…有时候会啃到的，不要太侥幸,https://api.bilibili.com/x/v2/reply/reply?pn=1&type=1&oid=596000026&mode=3&root=110694579280&type=1
110866564848,2022.04.28.01.08.05,352837944,安柔奈酱,回复 @左迁至蓝关示侄孙湘 :不是杠，解场的瓜都是傻子，手里捏着秒杀牌解场？？直接自信326送走解个毛线[大笑],https://api.bilibili.com/x/v2/reply/reply?pn=1&type=1&oid=596000026&mode=3&root=110694579280&type=1
110901869008,2022.04.28.12.26.29,1940810757,白六快牵紧我的项圈,326[脱单doge],https://api.bilibili.com/x/v2/reply/reply?pn=1&type=1&oid=596000026&mode=3&root=110694579280&type=1
110911291856,2022.04.28.13.49.35,154455364,精神萝马人,回复 @传说中的黑小白 :碰到过自信326的，可惜运气不好，他瓜我要么飞贼护主，要么独角兽护主,https://api.bilibili.com/x/v2/reply/reply?pn=1&type=1&oid=596000026&mode=3&root=110694579280&type=1
110913500368,2022.04.28.14.15.14,352837944,安柔奈酱,回复 @精神萝马人 :别说了家人，太痛苦了[大哭][大哭]还有恶婆鸟罗恩凤凰突然从火堆里蹦出来[大哭][大哭],https://api.bilibili.com/x/v2/reply/reply?pn=1&type=1&oid=596000026&mode=3&root=110694579280&type=1
110913828096,2022.04.28.14.20.25,628589211,灯下白头,回复 @传说中的黑小白 :怎么说呢，遇到躲角落放满火螃蟹打人柳鸟蛇烟花盒统统加护的卢娜不解场拿头打[doge]别问，问就是快乐[热词系列_知识增加],https://api.bilibili.com/x/v2/reply/reply?pn=1&type=1&oid=596000026&mode=3&root=110694579280&type=1
110915319200,2022.04.28.14.36.46,352837944,安柔奈酱,回复 @灯下白头 :还行吧，除了打人柳蛛巢其他都能炸开,https://api.bilibili.com/x/v2/reply/reply?pn=1&type=1&oid=596000026&mode=3&root=110694579280&type=1
110920781552,2022.04.28.15.43.05,628589211,灯下白头,回复 @传说中的黑小白 :只要位置卡的好就总会有1-2卡在前面[脱单doge]而且还有盾呢[doge],https://api.bilibili.com/x/v2/reply/reply?pn=1&type=1&oid=596000026&mode=3&root=110694579280&type=1
110968431632,2022.04.28.22.38.45,1822490223,左迁至蓝关示侄孙湘,回复 @传说中的黑小白 :是他想要瓜我，瓜到我刚放的动物，他清场，我再放……就这样瓜了我动物3次,https://api.bilibili.com/x/v2/reply/reply?pn=1&type=1&oid=596000026&mode=3&root=110694579280&type=1
111327532288,2022.05.01.19.24.15,285802589,一条海带叽,小精灵挡瓜需谨慎，小精灵出场的下冲动作是无敌的，瓜会穿过小精灵劈到人[脱单doge],https://api.bilibili.com/x/v2/reply/reply?pn=1&type=1&oid=596000026&mode=3&root=110694579280&type=1
111398740464,2022.05.02.10.40.16,500463059,倏忽雨,回复 @一条海带叽 :艹，怪不得，我有一局看他走位以为要瓜我，自信的丢出了小精灵，然后我凉了[保卫萝卜_哭哭],https://api.bilibili.com/x/v2/reply/reply?pn=1&type=1&oid=596000026&mode=3&root=110694579280&type=1
111425661248,2022.05.02.14.26.17,614882237,Cindy_田田心,回复 @一条海带叽 :[来古-震撼],https://api.bilibili.com/x/v2/reply/reply?pn=1&type=1&oid=596000026&mode=3&root=110694579280&type=1
110690708048,2022.04.26.17.23.24,273703132,B站不适合求助,看不见我哈哈哈哈哈,https://api.bilibili.com/x/v2/reply?pn=3&type=1&oid=596000026&mode=3
110680802784,2022.04.26.15.32.51,8652605,御坂2002号,啃瓜人血压飙升,https://api.bilibili.com/x/v2/reply?pn=3&type=1&oid=596000026&mode=3
110680792672,2022.04.26.15.35.10,4890593,阿盐是只喵,baby的黑巫师,https://api.bilibili.com/x/v2/reply/reply?pn=1&type=1&oid=596000026&mode=3&root=110680802784&type=1
110681849936,2022.04.26.15.44.58,8652605,御坂2002号,"回复 @阿盐是只喵 :可恶，baby的傲罗[阴险]
居然躲变形闪",https://api.bilibili.com/x/v2/reply/reply?pn=1&type=1&oid=596000026&mode=3&root=110680802784&type=1
110711157616,2022.04.26.20.10.50,471904560,杉阚蓉Florius,赞同，up好牛还好我没匹到过（什）,https://api.bilibili.com/x/v2/reply/reply?pn=1&type=1&oid=596000026&mode=3&root=110680802784&type=1
110727961744,2022.04.26.22.25.29,31951813,阿路Lucas,回复 @阿盐是只喵 :看来是对面不会玩 要是你碰到我…[doge]（不怀好意的笑 闪现充气再接一个呱 岂不妙哉,https://api.bilibili.com/x/v2/reply/reply?pn=1&type=1&oid=596000026&mode=3&root=110680802784&type=1
110770611312,2022.04.27.10.47.11,8652605,御坂2002号,回复 @阿路Lucas :别说充气闪了，人家连变形闪都能躲[辣眼睛],https://api.bilibili.com/x/v2/reply/reply?pn=1&type=1&oid=596000026&mode=3&root=110680802784&type=1
110829588640,2022.04.27.20.06.29,31951813,阿路Lucas,回复 @御坂2002号 :啊。有吗？我视频没看完,https://api.bilibili.com/x/v2/reply/reply?pn=1&type=1&oid=596000026&mode=3&root=110680802784&type=1
110865286080,2022.04.28.00.51.17,8652605,御坂2002号,回复 @阿路Lucas :第一个就是躲变形闪啊,https://api.bilibili.com/x/v2/reply/reply?pn=1&type=1&oid=596000026&mode=3&root=110680802784&type=1
111360242128,2022.05.01.23.22.03,174965170,_K-M_,回复 @御坂2002号 :变形削了，流星闪比变形更快,https://api.bilibili.com/x/v2/reply/reply?pn=1&type=1&oid=596000026&mode=3&root=110680802784&type=1
110680582288,2022.04.26.15.30.38,629400060,小宝宝要回家,对面不太会玩，打哈利一个飞沙就能带走[藏狐],https://api.bilibili.com/x/v2/reply?pn=3&type=1&oid=596000026&mode=3
110679501040,2022.04.26.15.18.43,16006798,XXXHOMELYXXX,笑死我了硬是把对面熬死了哈哈哈哈,https://api.bilibili.com/x/v2/reply?pn=3&type=1&oid=596000026&mode=3
110680589872,2022.04.26.15.30.54,4890593,阿盐是只喵,[妙啊],https://api.bilibili.com/x/v2/reply/reply?pn=1&type=1&oid=596000026&mode=3&root=110679501040&type=1
113558441232,2022.05.19.17.32.33,1691949148,幽-天羽,卡——卡（重点再次奇怪,https://api.bilibili.com/x/v2/reply/reply?pn=1&type=1&oid=596000026&mode=3&root=110679501040&type=1
110676989408,2022.04.26.14.48.09,517849647,ydlll1,其实他急了，不然他可以在你扫帚落地的那一刻把你啃死[doge],https://api.bilibili.com/x/v2/reply?pn=4&type=1&oid=596000026&mode=3
110678265808,2022.04.26.15.03.53,3771845,轻轻子聿,确实，我不止一次被瓜这样啃死的哈哈哈哈[笑哭],https://api.bilibili.com/x/v2/reply/reply?pn=1&type=1&oid=596000026&mode=3&root=110676989408&type=1
110680465472,2022.04.26.15.30.01,4890593,阿盐是只喵,确实 可以等落地的,https://api.bilibili.com/x/v2/reply/reply?pn=1&type=1&oid=596000026&mode=3&root=110676989408&type=1
110701209856,2022.04.26.18.50.00,606439443,sha_diao逗比,回复 @阿盐是只喵 :运气不好就会扫帚接瓜，原本打不中，扫帚撞上去[doge]还有大佬能预判飞行轨迹闪瓜的,https://api.bilibili.com/x/v2/reply/reply?pn=1&type=1&oid=596000026&mode=3&root=110676989408&type=1
110704624928,2022.04.26.19.18.17,816861,拖鞋桑,这个思路一般是哈利，和平时玩多比瓜的节奏不一样所以不习惯吧,https://api.bilibili.com/x/v2/reply/reply?pn=1&type=1&oid=596000026&mode=3&root=110676989408&type=1
110707503888,2022.04.26.19.41.11,4890593,阿盐是只喵,回复 @sha_diao逗比 :谢邀，试过扫把撞瓜,https://api.bilibili.com/x/v2/reply/reply?pn=1&type=1&oid=596000026&mode=3&root=110676989408&type=1
110711418624,2022.04.26.20.13.16,517849647,ydlll1,回复 @拖鞋桑 :都荣誉了，如果专门对哈利也应该是有对策的吧,https://api.bilibili.com/x/v2/reply/reply?pn=1&type=1&oid=596000026&mode=3&root=110676989408&type=1
110712375888,2022.04.26.20.21.12,606439443,sha_diao逗比,回复 @阿盐是只喵 :我刚才因为这个输了3次，本来我满血对面100多血的,https://api.bilibili.com/x/v2/reply/reply?pn=1&type=1&oid=596000026&mode=3&root=110676989408&type=1
110713676992,2022.04.26.20.31.59,816861,拖鞋桑,回复 @月之美少女战士_ :瓜前的控制有时间限制，想着抢着出手很正常；我虽然玩哈利但不带扫把，用扫把划最大圈躲比较少见所以对面一时没抓到节奏吧。之后看他对着路径闪了可惜没中，也说明理论不一定能实践出来w荣誉也不是啥多高的分段啊……打双人挺好上的w（我就不会打单人）,https://api.bilibili.com/x/v2/reply/reply?pn=1&type=1&oid=596000026&mode=3&root=110676989408&type=1
110718534864,2022.04.26.21.12.36,517849647,ydlll1,回复 @拖鞋桑 :荣誉虽然分段没殿堂高，而且还是赛季末了，但是也会有经验吧，尤其是对上克制自己的回响，况且up主已经飞很多次了，玩大瓜基本都是临场反应好的，不然不会贸然打排位送分的，反正都是为了赢吧，或者他就是着急没想到,https://api.bilibili.com/x/v2/reply/reply?pn=1&type=1&oid=596000026&mode=3&root=110676989408&type=1
111022659936,2022.04.29.12.51.40,385493164,浅忆中人,yeah我大瓜玩家就不理解，直接瞄准落地不好吗[脸红],https://api.bilibili.com/x/v2/reply/reply?pn=1&type=1&oid=596000026&mode=3&root=110676989408&type=1
111591899760,2022.05.03.19.27.58,1674891990,许你心意呀,雀食，玩阿瓦达就是玩心态，不冷静根本啃不到人（亲身经历）[藏狐][藏狐][藏狐],https://api.bilibili.com/x/v2/reply/reply?pn=1&type=1&oid=596000026&mode=3&root=110676989408&type=1
112060297056,2022.05.07.15.26.10,360130078,joenifu1,其实真正会玩的都可以直接啃空中,https://api.bilibili.com/x/v2/reply/reply?pn=1&type=1&oid=596000026&mode=3&root=110676989408&type=1
110674468784,2022.04.26.14.18.02,174863077,顾小宅_,在现场，很好玩当时[打call],https://api.bilibili.com/x/v2/reply?pn=4&type=1&oid=596000026&mode=3
110674599504,2022.04.26.14.19.34,4890593,阿盐是只喵,节目效果出来了,https://api.bilibili.com/x/v2/reply/reply?pn=1&type=1&oid=596000026&mode=3&root=110674468784&type=1
110674413520,2022.04.26.14.15.58,643354731,TYRI0N,@🧂 我没有，怎么交？~[doge],https://api.bilibili.com/x/v2/reply?pn=4&type=1&oid=596000026&mode=3
110674484128,2022.04.26.14.17.55,4890593,阿盐是只喵,不认识你,https://api.bilibili.com/x/v2/reply/reply?pn=1&type=1&oid=596000026&mode=3&root=110674413520&type=1
110674677440,2022.04.26.14.19.50,4890593,阿盐是只喵,[生气][生气],https://api.bilibili.com/x/v2/reply/reply?pn=1&type=1&oid=596000026&mode=3&root=110674413520&type=1
110674715072,2022.04.26.14.21.14,643354731,TYRI0N,回复 @阿盐是只喵 :[妙啊]给了给了,https://api.bilibili.com/x/v2/reply/reply?pn=1&type=1&oid=596000026&mode=3&root=110674413520&type=1
110674888656,2022.04.26.14.21.45,4890593,阿盐是只喵,回复 @岩浆暴瘦者TYRION :这还差不多,https://api.bilibili.com/x/v2/reply/reply?pn=1&type=1&oid=596000026&mode=3&root=110674413520&type=1
110666471328,2022.04.26.12.56.35,358718109,Shoto的狗-v-,我之前是昏昏戏耍大瓜，每次啃的时候都被我打歪[脱单doge],https://api.bilibili.com/x/v2/reply?pn=4&type=1&oid=596000026&mode=3
110673592128,2022.04.26.14.09.00,4890593,阿盐是只喵,这个也可以有！,https://api.bilibili.com/x/v2/reply/reply?pn=1&type=1&oid=596000026&mode=3&root=110666471328&type=1
110661107632,2022.04.26.12.12.25,349255970,祺司布丁,姐妹好厉害！！！不过这个自己录的东东哈哈哈哈哈哈哈哈英文很厉害[大笑][doge][doge],https://api.bilibili.com/x/v2/reply?pn=4&type=1&oid=596000026&mode=3
110673575024,2022.04.26.14.08.23,4890593,阿盐是只喵,嘿嘿自己路很好玩,https://api.bilibili.com/x/v2/reply/reply?pn=1&type=1&oid=596000026&mode=3&root=110661107632&type=1
110661120192,2022.04.26.12.12.10,269494585,忘带雷的闪,哈哈哈哈哈，魁地奇国家队没有你我不看哈哈,https://api.bilibili.com/x/v2/reply?pn=4&type=1&oid=596000026&mode=3
110673578272,2022.04.26.14.08.29,4890593,阿盐是只喵,马上报名,https://api.bilibili.com/x/v2/reply/reply?pn=1&type=1&oid=596000026&mode=3&root=110661120192&type=1
110660764448,2022.04.26.12.09.32,510596097,月帝神,太爽了，为我报了被啃之仇[脱单doge],https://api.bilibili.com/x/v2/reply?pn=4&type=1&oid=596000026&mode=3
110673736624,2022.04.26.14.08.49,4890593,阿盐是只喵,哈哈哈心疼孩子,https://api.bilibili.com/x/v2/reply/reply?pn=1&type=1&oid=596000026&mode=3&root=110660764448&type=1
110651193056,2022.04.26.10.30.48,81849100,马孔多阴雨天,阿婆好厉害呜呜呜！学到了（试试就逝世）,https://api.bilibili.com/x/v2/reply?pn=4&type=1&oid=596000026&mode=3
110673656000,2022.04.26.14.08.41,4890593,阿盐是只喵,冲！,https://api.bilibili.com/x/v2/reply/reply?pn=1&type=1&oid=596000026&mode=3&root=110651193056&type=1
111547002656,2022.05.03.12.54.26,1181940211,咕咕di大厨,我的卡组就叫试试就逝世,https://api.bilibili.com/x/v2/reply/reply?pn=1&type=1&oid=596000026&mode=3&root=110651193056&type=1
110648337216,2022.04.26.09.54.55,352869094,变态而不失优雅,一个字，绝[热词系列_知识增加],https://api.bilibili.com/x/v2/reply?pn=4&type=1&oid=596000026&mode=3
110673571344,2022.04.26.14.08.15,4890593,阿盐是只喵,哈哈啊哈,https://api.bilibili.com/x/v2/reply/reply?pn=1&type=1&oid=596000026&mode=3&root=110648337216&type=1
110646692096,2022.04.26.09.34.19,1413614271,一盏春茶念朝云,瓜哥是不是在屏幕那头飙出美腻国粹🙃💦,https://api.bilibili.com/x/v2/reply?pn=4&type=1&oid=596000026&mode=3
110740211968,2022.04.26.23.58.20,674617576,7年NEWTs5年OWLs,我一路啃瓜啃到荣誉决斗大师就上不去了，我真的啃不到人哇，打一局要一瓶降压药[大哭],https://api.bilibili.com/x/v2/reply/reply?pn=1&type=1&oid=596000026&mode=3&root=110646692096&type=1
110757365216,2022.04.27.07.38.13,1413614271,一盏春茶念朝云,回复 @盒饭盖盖子 :我连瓜这张牌都没有[大哭],https://api.bilibili.com/x/v2/reply/reply?pn=1&type=1&oid=596000026&mode=3&root=110646692096&type=1
111040447216,2022.04.29.16.05.51,103239091,狡啮夏油杰西索承太郎,也可能是英国国粹[妙啊][妙啊][妙啊],https://api.bilibili.com/x/v2/reply/reply?pn=1&type=1&oid=596000026&mode=3&root=110646692096&type=1
