3086688928,2020.06.25.19.35.21,26898017,想名字什么的最难惹,我来了，大家好，我就是视频里的安娜,https://api.bilibili.com/x/v2/reply/main?jsonp=jsonp&type=1&oid=541231000&mode=3
3086701050,2020.06.25.19.36.35,4890593,阿盐是只喵,有人说你是黑百合哈哈哈哈,https://api.bilibili.com/x/v2/reply/reply?pn=1&type=1&oid=541231000&mode=3&root=3086688928&type=1
3086732500,2020.06.25.19.43.08,26898017,想名字什么的最难惹,回复 @Shioko阿盐子 :我觉得我是艾什，哈哈哈[tv_doge],https://api.bilibili.com/x/v2/reply/reply?pn=1&type=1&oid=541231000&mode=3&root=3086688928&type=1
3086736982,2020.06.25.19.43.53,4890593,阿盐是只喵,回复 @想名字什么的最难惹 :我觉得是麦克雷哈哈哈 睡针和瓶子当闪光弹[doge],https://api.bilibili.com/x/v2/reply/reply?pn=1&type=1&oid=541231000&mode=3&root=3086688928&type=1
3086755209,2020.06.25.19.47.15,26898017,想名字什么的最难惹,回复 @Shioko阿盐子 :我不要你觉得，我要我觉得[tv_doge],https://api.bilibili.com/x/v2/reply/reply?pn=1&type=1&oid=541231000&mode=3&root=3086688928&type=1
3086763537,2020.06.25.19.48.57,4890593,阿盐是只喵,回复 @想名字什么的最难惹 :好好好,https://api.bilibili.com/x/v2/reply/reply?pn=1&type=1&oid=541231000&mode=3&root=3086688928&type=1
3088409011,2020.06.26.01.16.31,401457678,你硬币没了我还有,有一说一 真的睡的准,https://api.bilibili.com/x/v2/reply/reply?pn=1&type=1&oid=541231000&mode=3&root=3086688928&type=1
3088569167,2020.06.26.02.33.00,26898017,想名字什么的最难惹,回复 @猪肉炖粉条咦 :对面大锤睡眠质量金,https://api.bilibili.com/x/v2/reply/reply?pn=1&type=1&oid=541231000&mode=3&root=3086688928&type=1
3089031169,2020.06.26.08.55.30,22618001,西西里大学NLP研究所,求教枪法怎么练的QAQ,https://api.bilibili.com/x/v2/reply/reply?pn=1&type=1&oid=541231000&mode=3&root=3086688928&type=1
3089042703,2020.06.26.08.59.30,4259834,joseph-无烬,可以的，枪法很棒。但如果不是每局都这个手感，安娜这个存活率和持续奶量是不够的。。。如果后排是安娜+锤妹，安娜这个站位导致的低存活率是会大概率输的_(:з」∠)_,https://api.bilibili.com/x/v2/reply/reply?pn=1&type=1&oid=541231000&mode=3&root=3086688928&type=1
3089257743,2020.06.26.10.01.36,33176078,桜恋初夏,我一直以为我的安娜站位够前了，直到看了你的[笑哭],https://api.bilibili.com/x/v2/reply/reply?pn=1&type=1&oid=541231000&mode=3&root=3086688928&type=1
3089303923,2020.06.26.10.14.34,40058745,奶油耗子,莫伊拉战位哈哈哈哈,https://api.bilibili.com/x/v2/reply/reply?pn=1&type=1&oid=541231000&mode=3&root=3086688928&type=1
3089380189,2020.06.26.10.31.25,32716962,灭世魔王李怀林,令人羡慕的枪法呜呜呜,https://api.bilibili.com/x/v2/reply/reply?pn=1&type=1&oid=541231000&mode=3&root=3086688928&type=1
3089437127,2020.06.26.10.47.04,23182609,kaomi妹,阿巴阿巴你会玩顺境吗阿巴阿巴阿巴我喜欢顺境奶人,https://api.bilibili.com/x/v2/reply/reply?pn=1&type=1&oid=541231000&mode=3&root=3086688928&type=1
3089437695,2020.06.26.10.47.28,23182609,kaomi妹,当然大部分时候还是会不开镜奶,https://api.bilibili.com/x/v2/reply/reply?pn=1&type=1&oid=541231000&mode=3&root=3086688928&type=1
3089438827,2020.06.26.10.48.18,23182609,kaomi妹,我觉得如果我有你这样牛逼的枪法我可以上3000分,https://api.bilibili.com/x/v2/reply/reply?pn=1&type=1&oid=541231000&mode=3&root=3086688928&type=1
3089536753,2020.06.26.11.10.27,182417232,雪落天南,冲太前了吧..你这往大锤盾前面走很难保住的啊,https://api.bilibili.com/x/v2/reply/reply?pn=1&type=1&oid=541231000&mode=3&root=3086688928&type=1
3089533092,2020.06.26.11.10.59,182417232,雪落天南,回复 @kaomi妹 :枪法说实话玩多点基本就都不会怎么马枪,https://api.bilibili.com/x/v2/reply/reply?pn=1&type=1&oid=541231000&mode=3&root=3086688928&type=1
3089544891,2020.06.26.11.13.07,182417232,雪落天南,回复 @kaomi妹 :但是这睡针是真的准,https://api.bilibili.com/x/v2/reply/reply?pn=1&type=1&oid=541231000&mode=3&root=3086688928&type=1
3089984917,2020.06.26.12.46.35,26898017,想名字什么的最难惹,回复 @绿色大头菜 :慢慢练，多打打练枪房,https://api.bilibili.com/x/v2/reply/reply?pn=1&type=1&oid=541231000&mode=3&root=3086688928&type=1
3090001297,2020.06.26.12.47.52,26898017,想名字什么的最难惹,回复 @joseph-无烬 :主要是容易膨胀，对面掉人了，就喜欢冲,https://api.bilibili.com/x/v2/reply/reply?pn=1&type=1&oid=541231000&mode=3&root=3086688928&type=1
3090006086,2020.06.26.12.48.16,26898017,想名字什么的最难惹,回复 @ていかちょう-JC :啊这,https://api.bilibili.com/x/v2/reply/reply?pn=2&type=1&oid=541231000&mode=3&root=3086688928&type=1
3090006800,2020.06.26.12.48.41,26898017,想名字什么的最难惹,回复 @kaomi妹 :阿巴阿巴不太会,https://api.bilibili.com/x/v2/reply/reply?pn=2&type=1&oid=541231000&mode=3&root=3086688928&type=1
3090015615,2020.06.26.12.50.21,26898017,想名字什么的最难惹,回复 @kaomi妹 :我都是看情况怎么样好奶怎么打，怎么样打的中怎么样打，有时候丝血队友的关键奶，还是会开镜的，稳一点,https://api.bilibili.com/x/v2/reply/reply?pn=2&type=1&oid=541231000&mode=3&root=3086688928&type=1
3096042403,2020.06.27.16.16.17,42256541,猫困困_,兄弟好勇猛 这枪法i了,https://api.bilibili.com/x/v2/reply/reply?pn=2&type=1&oid=541231000&mode=3&root=3086688928&type=1
3096579250,2020.06.27.18.18.05,4266937,星河之虫,回复 @想名字什么的最难惹 :C死安娜也不能死，除非守点的加时时候只剩下你了你可以冲上去拖时间，不然只要有剩下人，往前走永远都不是安娜的第一选择。,https://api.bilibili.com/x/v2/reply/reply?pn=2&type=1&oid=541231000&mode=3&root=3086688928&type=1
3096714916,2020.06.27.18.44.51,26898017,想名字什么的最难惹,回复 @H_neko :安娜，长枪滴神,https://api.bilibili.com/x/v2/reply/reply?pn=2&type=1&oid=541231000&mode=3&root=3086688928&type=1
3096721871,2020.06.27.18.45.50,26898017,想名字什么的最难惹,回复 @星河之虫 :有时候上头了，起杀心了,https://api.bilibili.com/x/v2/reply/reply?pn=2&type=1&oid=541231000&mode=3&root=3086688928&type=1
3096752219,2020.06.27.18.52.04,4266937,星河之虫,回复 @想名字什么的最难惹 :不能，安娜应该是一直冷静保持心态的那个，因为安娜占位必须能把全局把握到，要分析好这时候该干嘛，什么时候转移站位。安娜的站位不会是一成不变的,https://api.bilibili.com/x/v2/reply/reply?pn=2&type=1&oid=541231000&mode=3&root=3086688928&type=1
3097408048,2020.06.27.21.08.19,64979413,踩节拍的猫,很羡慕这种枪法，但是这个站位确实是[妙啊],https://api.bilibili.com/x/v2/reply/reply?pn=2&type=1&oid=541231000&mode=3&root=3086688928&type=1
3097872212,2020.06.27.22.36.18,26898017,想名字什么的最难惹,回复 @踩节拍的猫 :长枪玩多了你也可以,https://api.bilibili.com/x/v2/reply/reply?pn=2&type=1&oid=541231000&mode=3&root=3086688928&type=1
3100188255,2020.06.28.14.37.25,33163861,鳄鱼不咬人,枪是真的准，多看看正面，不要沉迷输出，上白金还不轻松？,https://api.bilibili.com/x/v2/reply/reply?pn=2&type=1&oid=541231000&mode=3&root=3086688928&type=1
3121147970,2020.07.02.23.14.15,403774101,曼巴精神永存我心,z？一起开黑？,https://api.bilibili.com/x/v2/reply/reply?pn=2&type=1&oid=541231000&mode=3&root=3086688928&type=1
3121769015,2020.07.03.02.33.49,26898017,想名字什么的最难惹,回复 @曼巴精神永存我心 :我，安娜，奶住杀完,https://api.bilibili.com/x/v2/reply/reply?pn=2&type=1&oid=541231000&mode=3&root=3086688928&type=1
3121922769,2020.07.03.06.22.02,10744521,_刘大栓_,我也想提几个个小建议：）开镜时间太长了，中近距离的t可以多尝试不开镜这样视野更好。也许是因为你之前是玩枪c的？被麦克雷点一枪居然开着镜找他，被对面枪c点一枪的第一反应别去开镜找他，先躲一下。就这些，祝你生活愉快上大分。,https://api.bilibili.com/x/v2/reply/reply?pn=2&type=1&oid=541231000&mode=3&root=3086688928&type=1
3123561861,2020.07.03.15.19.24,12352800,斯文TYRANT,可以多看JJONAK视频，他站哪你站哪就行了。你这站位只有挂会站那然后杀光😂。大哥站后面也能杀光的，不用急着往前走。,https://api.bilibili.com/x/v2/reply/reply?pn=2&type=1&oid=541231000&mode=3&root=3086688928&type=1
3123575268,2020.07.03.15.22.36,26898017,想名字什么的最难惹,回复 @斯文TYRANT :我杀不光可能是因为实在不忍心不奶队友[doge][doge][doge],https://api.bilibili.com/x/v2/reply/reply?pn=2&type=1&oid=541231000&mode=3&root=3086688928&type=1
3126207485,2020.07.04.00.56.53,50813592,UIIsocool,求一个好友位！！,https://api.bilibili.com/x/v2/reply/reply?pn=2&type=1&oid=541231000&mode=3&root=3086688928&type=1
3126218491,2020.07.04.01.01.18,26898017,想名字什么的最难惹,回复 @UIIsocool :Crystal#5480,https://api.bilibili.com/x/v2/reply/reply?pn=2&type=1&oid=541231000&mode=3&root=3086688928&type=1
3126226965,2020.07.04.01.02.10,26898017,想名字什么的最难惹,回复 @UIIsocool :你加阿盐的微信群也能找到我[doge],https://api.bilibili.com/x/v2/reply/reply?pn=2&type=1&oid=541231000&mode=3&root=3086688928&type=1
3130546336,2020.07.05.00.03.04,89365128,安姆的衫,说2300我是不信的，应该是钓鱼,https://api.bilibili.com/x/v2/reply/reply?pn=2&type=1&oid=541231000&mode=3&root=3086688928&type=1
3132196811,2020.07.05.12.36.04,26898017,想名字什么的最难惹,回复 @安姆的衫 :真2300，只不过我是枪转奶,https://api.bilibili.com/x/v2/reply/reply?pn=3&type=1&oid=541231000&mode=3&root=3086688928&type=1
3136978727,2020.07.06.12.16.04,89365128,安姆的衫,回复 @想名字什么的最难惹 :骗人，真就2300也说昨天2300，今天3200这样,https://api.bilibili.com/x/v2/reply/reply?pn=3&type=1&oid=541231000&mode=3&root=3086688928&type=1
3137110152,2020.07.06.12.42.03,26898017,想名字什么的最难惹,回复 @安姆的衫 :不不不，我赛季结束2100定位还没打,https://api.bilibili.com/x/v2/reply/reply?pn=3&type=1&oid=541231000&mode=3&root=3086688928&type=1
3139705467,2020.07.06.22.06.01,133478107,你看过闪电嘛,简单粗暴的解决方法玩76哈哈哈,https://api.bilibili.com/x/v2/reply/reply?pn=3&type=1&oid=541231000&mode=3&root=3086688928&type=1
3139940997,2020.07.06.22.47.24,14918725,AnGemg-y,我玩莫姨都不敢这么战 安娜这种站法激烈点就是最先在乱战里死的,https://api.bilibili.com/x/v2/reply/reply?pn=3&type=1&oid=541231000&mode=3&root=3086688928&type=1
3140227764,2020.07.06.23.40.47,337395645,小夏的风衣,这睡针有点像🔒了。。。,https://api.bilibili.com/x/v2/reply/reply?pn=3&type=1&oid=541231000&mode=3&root=3086688928&type=1
3141761430,2020.07.07.11.56.28,32183643,Chen_phoebe,安百合,https://api.bilibili.com/x/v2/reply/reply?pn=3&type=1&oid=541231000&mode=3&root=3086688928&type=1
3141992914,2020.07.07.12.44.44,83960467,神奇木由子,要多找掩体啊，多学几个点位。安娜要优先保自己才能给到奶。,https://api.bilibili.com/x/v2/reply/reply?pn=3&type=1&oid=541231000&mode=3&root=3086688928&type=1
3142325456,2020.07.07.13.59.24,22417312,丿木木木木木木,这枪法玩麦克雷不香吗,https://api.bilibili.com/x/v2/reply/reply?pn=3&type=1&oid=541231000&mode=3&root=3086688928&type=1
3142994153,2020.07.07.17.09.41,26898017,想名字什么的最难惹,回复 @丿木木木木木木 :我就是玩长枪转奶的,https://api.bilibili.com/x/v2/reply/reply?pn=3&type=1&oid=541231000&mode=3&root=3086688928&type=1
3142998205,2020.07.07.17.09.58,26898017,想名字什么的最难惹,回复 @小夏的风衣 :老锁子哥了,https://api.bilibili.com/x/v2/reply/reply?pn=3&type=1&oid=541231000&mode=3&root=3086688928&type=1
3143025313,2020.07.07.17.15.08,26898017,想名字什么的最难惹,回复 @悠莫莉 :老狙神了,https://api.bilibili.com/x/v2/reply/reply?pn=3&type=1&oid=541231000&mode=3&root=3086688928&type=1
3143025894,2020.07.07.17.15.34,26898017,想名字什么的最难惹,回复 @神奇木由子 :确实玩的时候挺莽的,https://api.bilibili.com/x/v2/reply/reply?pn=3&type=1&oid=541231000&mode=3&root=3086688928&type=1
3143032319,2020.07.07.17.18.22,26898017,想名字什么的最难惹,回复 @神澳公子 :76确实好玩，刮痧刮的对面很舒服,https://api.bilibili.com/x/v2/reply/reply?pn=3&type=1&oid=541231000&mode=3&root=3086688928&type=1
3143033353,2020.07.07.17.19.04,26898017,想名字什么的最难惹,回复 @AnGemg-y :经常迷之自信，喜欢往前冲,https://api.bilibili.com/x/v2/reply/reply?pn=3&type=1&oid=541231000&mode=3&root=3086688928&type=1
3144079733,2020.07.07.20.41.17,25487614,子规袅袅,回复 @kaomi妹 :我枪法比他差一点，没开222的时候定了2915可惜后面半年没玩我枪法越来越烂了[大哭],https://api.bilibili.com/x/v2/reply/reply?pn=3&type=1&oid=541231000&mode=3&root=3086688928&type=1
3146345175,2020.07.08.10.49.07,76563557,罗严克拉亩,我是3000分专精天使莫伊拉的，有一说一，你这枪法比我强多了[笑哭],https://api.bilibili.com/x/v2/reply/reply?pn=3&type=1&oid=541231000&mode=3&root=3086688928&type=1
3147276681,2020.07.08.14.24.07,26898017,想名字什么的最难惹,回复 @罗严克拉亩 :天使莫姨！一张口就是老混子了[doge][doge][doge]（别打我）,https://api.bilibili.com/x/v2/reply/reply?pn=3&type=1&oid=541231000&mode=3&root=3086688928&type=1
3147560335,2020.07.08.15.49.07,76563557,罗严克拉亩,回复 @想名字什么的最难惹 :[doge][doge][doge],https://api.bilibili.com/x/v2/reply/reply?pn=3&type=1&oid=541231000&mode=3&root=3086688928&type=1
3147573432,2020.07.08.15.53.29,26898017,想名字什么的最难惹,回复 @罗严克拉亩 :在吗，一起上分？[doge],https://api.bilibili.com/x/v2/reply/reply?pn=3&type=1&oid=541231000&mode=3&root=3086688928&type=1
3147591996,2020.07.08.15.59.23,76563557,罗严克拉亩,回复 @想名字什么的最难惹 :可以啊小火鸡[doge],https://api.bilibili.com/x/v2/reply/reply?pn=4&type=1&oid=541231000&mode=3&root=3086688928&type=1
3151785073,2020.07.09.12.44.24,23182609,kaomi妹,回复 @子规袅袅 :啊啊啊，这没事啊，再练练还可以回去啊，像我这种天生的，哎——,https://api.bilibili.com/x/v2/reply/reply?pn=4&type=1&oid=541231000&mode=3&root=3086688928&type=1
3152748067,2020.07.09.17.10.22,25487614,子规袅袅,回复 @kaomi妹 :我也是后天硬练出来的，我一点游戏天赋都没的，你肯定也可以，你也加油啊！,https://api.bilibili.com/x/v2/reply/reply?pn=4&type=1&oid=541231000&mode=3&root=3086688928&type=1
3155667207,2020.07.10.09.16.41,23182609,kaomi妹,啊啊啊，我一直在努力练的，比以前好多了，跟枪还很菜啦,https://api.bilibili.com/x/v2/reply/reply?pn=4&type=1&oid=541231000&mode=3&root=3086688928&type=1
3155685295,2020.07.10.09.20.20,26898017,想名字什么的最难惹,回复 @kaomi妹 :跟枪不行就把灵敏度调低,https://api.bilibili.com/x/v2/reply/reply?pn=4&type=1&oid=541231000&mode=3&root=3086688928&type=1
3160313403,2020.07.11.07.33.42,430088652,想成为薛定谔的猫,安娜我的理解是安娜需要保证自己的存活率，所以尽量不要做很危险的事,https://api.bilibili.com/x/v2/reply/reply?pn=4&type=1&oid=541231000&mode=3&root=3086688928&type=1
3160309730,2020.07.11.07.34.46,430088652,想成为薛定谔的猫,回复 @安姆的衫 :我看着也是两千多，太激进了，如果站位保守点可能分就上去了,https://api.bilibili.com/x/v2/reply/reply?pn=4&type=1&oid=541231000&mode=3&root=3086688928&type=1
3160427348,2020.07.11.08.26.29,11535023,耳机office,[妙啊]除了选错英雄了以外没什么毛病,https://api.bilibili.com/x/v2/reply/reply?pn=4&type=1&oid=541231000&mode=3&root=3086688928&type=1
3162304936,2020.07.11.16.38.22,44505571,小韩真牛,不错我俩枪法差不多，但是分低了就真的不太好上，因为多数队友不会给到保护，你要是在3000左右就好打了，我2500擅长双奶互保可以救护车双排,https://api.bilibili.com/x/v2/reply/reply?pn=4&type=1&oid=541231000&mode=3&root=3086688928&type=1
3168294382,2020.07.12.20.08.21,35215891,某小念,看了，感觉up有的地方理解错了，那个激素我觉得应该是下意识保麦克雷的，然后开镜睡针麦克雷应该是为了预瞄，能理解，甩针真的容易偏,https://api.bilibili.com/x/v2/reply/reply?pn=4&type=1&oid=541231000&mode=3&root=3086688928&type=1
3175147742,2020.07.14.09.06.50,23182609,kaomi妹,回复 @想名字什么的最难惹 :啊啊我喜欢高灵敏度，用起来舒适哈哈哈,https://api.bilibili.com/x/v2/reply/reply?pn=4&type=1&oid=541231000&mode=3&root=3086688928&type=1
3176372786,2020.07.14.14.31.51,26898017,想名字什么的最难惹,回复 @kaomi妹 :高灵敏打远一点的人，根本瞄不准,https://api.bilibili.com/x/v2/reply/reply?pn=4&type=1&oid=541231000&mode=3&root=3086688928&type=1
3177671593,2020.07.14.19.44.24,15600486,akadia,奶位意识流单排钻石守门员对这手撕法纪的枪法觉得羡慕QAQ不过大佬记得按tab、算大招和数人头啊，学会了就你这枪法3500不是问题[偷笑],https://api.bilibili.com/x/v2/reply/reply?pn=4&type=1&oid=541231000&mode=3&root=3086688928&type=1
3182591959,2020.07.15.20.01.52,23182609,kaomi妹,回复 @想名字什么的最难惹 :也是，但我的鼠标上又一个按键可以调灵敏度,https://api.bilibili.com/x/v2/reply/reply?pn=4&type=1&oid=541231000&mode=3&root=3086688928&type=1
3182876330,2020.07.15.20.57.46,26898017,想名字什么的最难惹,回复 @kaomi妹 :灵敏度习惯了，就不要变了，变了特别影响手感，习惯之后就会有肌肉记忆，来回切换的话保持不了肌肉记忆,https://api.bilibili.com/x/v2/reply/reply?pn=4&type=1&oid=541231000&mode=3&root=3086688928&type=1
3199398593,2020.07.19.05.11.55,95196658,永远讨厌想昵称,麦克雷：你为什么抢了我的活,https://api.bilibili.com/x/v2/reply/reply?pn=4&type=1&oid=541231000&mode=3&root=3086688928&type=1
96019914400,2021.12.22.15.30.44,288629572,杰克乔恩,过去一年了 现在你多少分了？,https://api.bilibili.com/x/v2/reply/reply?pn=4&type=1&oid=541231000&mode=3&root=3086688928&type=1
96048957568,2021.12.22.20.44.18,26898017,想名字什么的最难惹,回复 @杰克乔恩 :我永劫无间坠日[doge],https://api.bilibili.com/x/v2/reply/reply?pn=4&type=1&oid=541231000&mode=3&root=3086688928&type=1
96059497552,2021.12.22.22.20.17,288629572,杰克乔恩,回复 @想名字什么的最难惹 :啊这,https://api.bilibili.com/x/v2/reply/reply?pn=4&type=1&oid=541231000&mode=3&root=3086688928&type=1
3211945347,2020.07.21.17.31.01,230137591,诗乃ouo,2300狗位安娜教学,https://api.bilibili.com/x/v2/reply?pn=1&type=1&oid=541231000&mode=3
3209056268,2020.07.21.01.00.22,41036487,少年剑仙陈十一,打完定级赛就2000多分了，然后就开始快乐快速了,https://api.bilibili.com/x/v2/reply?pn=1&type=1&oid=541231000&mode=3
3187223595,2020.07.16.19.22.19,44593659,贪吃爱玩胖金牛,[doge]进来学习学习  没上过2000分但是站位还是可以的,https://api.bilibili.com/x/v2/reply?pn=1&type=1&oid=541231000&mode=3
3185952131,2020.07.16.14.17.11,4125086,呆呆的曲奇,我玩奶位2700左右，感觉还是没这个安娜准，但是我一般都是活到最后的，而且队友也不怎么会掉，奶位第一保住自己和另一个奶，第二是抬血，有人血线危险了就要抬，队友除了被秒或者冲进别人人群里，一般都是死不掉的，第三点就是分清谁是主要输出，资源给到位,https://api.bilibili.com/x/v2/reply?pn=1&type=1&oid=541231000&mode=3
3179852488,2020.07.15.09.00.27,414459,左月陽宬,这走位有我内味儿了，我主安娜每天经典快速拉着5个c跟对面高强度对线，最喜欢抢伤害秒脆皮，所以我上分都是莫伊拉和锤妹，一般不会主动选安娜[滑稽],https://api.bilibili.com/x/v2/reply?pn=1&type=1&oid=541231000&mode=3
3179656010,2020.07.15.07.36.52,354313788,虚幽zzz,2300土著来了。。。,https://api.bilibili.com/x/v2/reply?pn=1&type=1&oid=541231000&mode=3
3178848943,2020.07.14.23.29.24,180931038,孤独大师T_T,希望可以暂停讲安娜的站位应该如何，只是讲对与错是不是有点古板[OK],https://api.bilibili.com/x/v2/reply?pn=1&type=1&oid=541231000&mode=3
3175375810,2020.07.14.10.23.11,154796863,沙发-SHAFAN,对面麦克雷在二楼就不死。哈哈而且还打不死人,https://api.bilibili.com/x/v2/reply?pn=1&type=1&oid=541231000&mode=3
3175341719,2020.07.14.10.12.16,154796863,沙发-SHAFAN,"复盘视频  ❌
轮流上头送  √",https://api.bilibili.com/x/v2/reply?pn=1&type=1&oid=541231000&mode=3
3173094774,2020.07.13.20.33.27,431901,Aisaka灬Taiga,2700上下的奶味，玩安娜和视频里一毛一样，唯一的区别我可能睡针睡c位一般，睡的t比较多，像视频里这种猪锤组合，我基本就盯着猪睡加禁疗了，个人习惯。。还有就是喜欢不开镜奶人。。。其他基本一样。。[无语][无语],https://api.bilibili.com/x/v2/reply?pn=1&type=1&oid=541231000&mode=3
3172006691,2020.07.13.16.44.58,15574240,EadomzZ,这个枪法2300不太科学吧，而且睡针也很准，我2900觉得我比他菜[笑哭],https://api.bilibili.com/x/v2/reply?pn=1&type=1&oid=541231000&mode=3
3177711848,2020.07.14.19.53.23,15600486,akadia,我65胜率安娜上的钻石，双命中56，我感觉我比他菜多了[笑哭]（我是法纪永远点不到最后一枪的马枪怪安娜）,https://api.bilibili.com/x/v2/reply/reply?pn=1&type=1&oid=541231000&mode=3&root=3172006691&type=1
3171321849,2020.07.13.13.29.53,5467983,起名困难户x,3000准度，1500的意识，成了[妙啊][doge],https://api.bilibili.com/x/v2/reply?pn=1&type=1&oid=541231000&mode=3
3165264309,2020.07.12.07.52.33,9956664,思不净,正相反，但凡准一点，都不至于800多级都没上3000,https://api.bilibili.com/x/v2/reply?pn=1&type=1&oid=541231000&mode=3
3163010268,2020.07.11.19.06.52,102438532,Breeze-ovo,玩大锤玩多了。。。一玩安娜什么的就喜欢突人脸,https://api.bilibili.com/x/v2/reply?pn=1&type=1&oid=541231000&mode=3
3162327630,2020.07.11.16.42.05,210922198,如玉瞾,小锤站位[doge],https://api.bilibili.com/x/v2/reply?pn=1&type=1&oid=541231000&mode=3
3160536800,2020.07.11.09.04.38,38109506,墨玖笙清,低分段队友嘴多臭，你不知道，嘴臭就算了，还自己很牛逼一样说你们不配赢然后开始演，这就是环境。,https://api.bilibili.com/x/v2/reply?pn=1&type=1&oid=541231000&mode=3
3187218880,2020.07.16.19.21.36,44593659,贪吃爱玩胖金牛,队友还疯狂甩锅[doge],https://api.bilibili.com/x/v2/reply/reply?pn=1&type=1&oid=541231000&mode=3&root=3160536800&type=1
3147828285,2020.07.08.17.00.22,305245861,全部白给啊,兄弟们 定级赛2000分算什么段,https://api.bilibili.com/x/v2/reply?pn=1&type=1&oid=541231000&mode=3
3146602938,2020.07.08.11.54.14,519619,Soma烧卖,哇  阿盐还接复盘的嘛⊙∀⊙！,https://api.bilibili.com/x/v2/reply?pn=1&type=1&oid=541231000&mode=3
3146908957,2020.07.08.12.56.02,4890593,阿盐是只喵,接的呢,https://api.bilibili.com/x/v2/reply/reply?pn=1&type=1&oid=541231000&mode=3&root=3146602938&type=1
3145506398,2020.07.08.02.11.00,379362607,离人犹未归青衫如既往,这枪法2500的我也没有他强，这走位玩c位的吧？,https://api.bilibili.com/x/v2/reply?pn=1&type=1&oid=541231000&mode=3
3145437469,2020.07.08.01.32.20,5876481,丨Jerry丶,这个安娜应该是C转奶的吧，针和枪法都挺准，站位也差不多是C的站位[喜极而泣],https://api.bilibili.com/x/v2/reply?pn=1&type=1&oid=541231000&mode=3
3135449558,2020.07.05.23.59.36,17310580,观猹手闰土,像我玩安娜拥有碰不到能帮我干掉铁拳的队友,https://api.bilibili.com/x/v2/reply?pn=2&type=1&oid=541231000&mode=3
3132100397,2020.07.05.12.16.17,76973677,我们一起去摘青梅吧,看到这个枪法觉得我不配呆在2300哈哈哈哈哈,https://api.bilibili.com/x/v2/reply?pn=2&type=1&oid=541231000&mode=3
3128373913,2020.07.04.16.05.17,385095628,柯柯柯飝,如果把安娜换成麦克雷好像说得通站位问题以及睡针准度极高。所以猜是不是C转的N玩啊哈哈哈,https://api.bilibili.com/x/v2/reply?pn=2&type=1&oid=541231000&mode=3
3127158581,2020.07.04.10.51.10,40676546,一只姜凯文,这是个好up 三连关注,https://api.bilibili.com/x/v2/reply?pn=2&type=1&oid=541231000&mode=3
3127457079,2020.07.04.12.05.08,4890593,阿盐是只喵,谢谢呀～,https://api.bilibili.com/x/v2/reply/reply?pn=1&type=1&oid=541231000&mode=3&root=3127158581&type=1
3126071028,2020.07.04.00.15.02,88001683,独爱周芷若,两千分每次打赢队友必堵门，打赢第一波队友必瞎玩，就觉得对面很菜随便玩玩,https://api.bilibili.com/x/v2/reply?pn=2&type=1&oid=541231000&mode=3
3124283451,2020.07.03.18.22.02,33452889,于馨-,队友就会我需要治疗，都不看自己奶在哪,https://api.bilibili.com/x/v2/reply?pn=2&type=1&oid=541231000&mode=3
3114043077,2020.07.01.19.09.07,38082824,上热评已改名,这个安娜 确实枪法没什么问题 但是技能交的有问题  技能交的不好 好多瓶子都挺浪费 站位激进不是问题 关键是要站在队友旁边 站的比t还前确实有大问题 低分段不用站太后 除非对自己枪法有自信不怕切 不然还是跟t或者另一个辅助一起比较好-3800菜鸡安娜,https://api.bilibili.com/x/v2/reply?pn=2&type=1&oid=541231000&mode=3
3114246269,2020.07.01.19.49.09,4890593,阿盐是只喵,是的 我也觉得低分局的安娜找队友抱团比较好,https://api.bilibili.com/x/v2/reply/reply?pn=1&type=1&oid=541231000&mode=3&root=3114043077&type=1
3109022053,2020.06.30.16.46.57,178379359,凡尘o向天,黄金段位用小锤比安娜好上分,https://api.bilibili.com/x/v2/reply?pn=2&type=1&oid=541231000&mode=3
3108525001,2020.06.30.13.57.37,12292247,Brucelei_V,2300的局安娜激素建议给自己,https://api.bilibili.com/x/v2/reply?pn=2&type=1&oid=541231000&mode=3
3107931510,2020.06.30.11.25.30,34020224,KAKAstudio,复盘解说得很好 希望能继续多发安娜的复盘 支持,https://api.bilibili.com/x/v2/reply?pn=2&type=1&oid=541231000&mode=3
3107919646,2020.06.30.11.23.47,97647891,屋顶上的轻骑士,看完了，5Ｃ1奶，一整局莫伊拉辛苦了。,https://api.bilibili.com/x/v2/reply?pn=2&type=1&oid=541231000&mode=3
3128347110,2020.07.04.15.56.24,5636640,Asvvka,你在搞笑，这安娜奶人枪法根本不差,https://api.bilibili.com/x/v2/reply/reply?pn=1&type=1&oid=541231000&mode=3&root=3107919646&type=1
3107216251,2020.06.30.04.14.48,472859254,守护者之息,好喜欢阿婆主复盘呀 温温柔柔有条有理，优缺都会提到,https://api.bilibili.com/x/v2/reply?pn=2&type=1&oid=541231000&mode=3
3107214269,2020.06.30.04.32.57,4890593,阿盐是只喵,嗷！谢谢喜欢！！！,https://api.bilibili.com/x/v2/reply/reply?pn=1&type=1&oid=541231000&mode=3&root=3107216251&type=1
3104506822,2020.06.29.15.22.29,79929596,夏凉zzz,额...  看了两局复盘   怎么说呢 ，  弹幕也太多蜜汁膨胀的人了， 说没有2300的也太高看自己了吧？就这准度怎么也已经达到3000水平了  ，自己挑三拣四的自己是什么水平啊，一般都白银黄金吧，看谁都不如自己，另外，我好莱坞那局也看了，怎么说呢，两个安娜打法确实各有各的问题，好莱坞的更契合2300一点，这个安娜除了钢一点，并没有什么大毛病吧，并不是说只要死了就有毛病，作用打出来做了事才是对的理解，另外两局听up的观点来说，up的打法有些怂有些混，很多时候在尝试去做事的时候，up都会说不要这样，要把技能留好，但是你可以去看看很多高分安娜都是怎么玩的，多数都是主动做事，哪怕视情况绕后这些动作都是很平常的，但是感觉up不太能理解，虽然这样不稳妥，但是更多的时候能打出出其不意的效果，以up的理解，就是死也要站在最稳妥的位置，但是殊不知稳妥却并不能帮你做更多的事，你能稳，随便换个人一样稳的了，那以一局强队友一局弱队友的匹配机制来说，你就没法靠着自己实力来上分，只能尽力在这种打法下不失误，真正尝试打出好操作的行为才是比较可取的，这样也方便大幅提升实力，因为已经有开始尝试性的操作了，只会越来越熟练，总比中规中矩打一辈子来的好   另外这局进攻c点给大锤激素这波，你的理解就是错的，有什么比一个狭窄位置，对面需要强行gay车的情况下一个激素大锤带来的伤害实在呢？  说给麦克雷真的有些离谱了，游戏理解就已经错了，除非这个麦克雷是带哥杀完那种（不过即使这样这波也是给大锤靠谱，因为地形狭小，又有车挡着，再准的枪位，对面车后一躲也不好发挥）或者你已知对手两三个狗位已经悄悄落位了 准备最后扑掉麦克雷的时候可以激素保一手不掉人， 这些你要考虑全面一些啊，不能误导了新手,https://api.bilibili.com/x/v2/reply?pn=2&type=1&oid=541231000&mode=3
3104607760,2020.06.29.15.58.30,4890593,阿盐是只喵,"首先，高分段安那肯定是要主动先做事的，但是毕竟这是低分局，我们回放中的安娜目前的状况就是自己该干什么都不知道的一个状态，所以我个人认为并没有必要要求这么高要他去主动做事情。你不能叫一个还不会走路的人跑步吧？
我觉得在低分局能稳妥的好好奶人、保证技能不乱交、阵亡率少一点就可以了。
第二，关于艾兴瓦尔德C点，我没有给大锤是错的，我只是说因为一直都是给T，我们也可以考虑给C。请不要误解我的意思。",https://api.bilibili.com/x/v2/reply/reply?pn=1&type=1&oid=541231000&mode=3&root=3104506822&type=1
3104617547,2020.06.29.16.01.30,4890593,阿盐是只喵,回复 @Shioko阿盐子 :我没有（说）给大锤是错的，漏了个字,https://api.bilibili.com/x/v2/reply/reply?pn=1&type=1&oid=541231000&mode=3&root=3104506822&type=1
3104642440,2020.06.29.16.09.53,4890593,阿盐是只喵,"最后，我觉得复盘是针对于被我复盘的个人和他的分段而言的，所以没有必要把你所谓的理解要求给别人。
如果你说让一个黄金分段的安娜去主动绕后或者上高台，确实就是一个很没必要的事情。
人家英雄都还没玩明白，你就让他去“主动做事”，我觉得这才是误导新手。
而且等玩明白这个英雄之后也会形成自己的游戏理解和打法风格。所以我的复盘就是为了把最基础的东西交给他们。",https://api.bilibili.com/x/v2/reply/reply?pn=1&type=1&oid=541231000&mode=3&root=3104506822&type=1
3126101458,2020.07.04.00.23.34,88001683,独爱周芷若,因为在复盘的时候可以看到许多玩游戏时不会注意的事。就有时候我看我自己玩麦克雷都有许多点没注意到,https://api.bilibili.com/x/v2/reply/reply?pn=1&type=1&oid=541231000&mode=3&root=3104506822&type=1
3104373028,2020.06.29.14.34.37,98796527,Asuli阿苏,注意1分45到1分55，没人踩点？？,https://api.bilibili.com/x/v2/reply?pn=2&type=1&oid=541231000&mode=3
3103536018,2020.06.29.10.22.22,390035074,孑孤_,看完了，感觉怪怪的，不像复盘，像解说(||๐_๐),https://api.bilibili.com/x/v2/reply?pn=2&type=1&oid=541231000&mode=3
3104055153,2020.06.29.12.55.30,4890593,阿盐是只喵,所以你觉得这之间的区别是什么,https://api.bilibili.com/x/v2/reply/reply?pn=1&type=1&oid=541231000&mode=3&root=3103536018&type=1
3102504446,2020.06.28.23.42.10,375798790,錼鍶,前期的我莫姨开大杀猪。。。。大号就白银黄金，上不去了，现在的我安娜站的贼猥琐，钻石奶，舒服[doge],https://api.bilibili.com/x/v2/reply?pn=2&type=1&oid=541231000&mode=3
3102152847,2020.06.28.22.31.09,8238126,小小妹妹心心子,碾压局没有复盘的意义 不能够看出更多的问题,https://api.bilibili.com/x/v2/reply?pn=2&type=1&oid=541231000&mode=3
3124244764,2020.07.03.18.15.05,381290600,Conqueror_76,这是碾压局（？）,https://api.bilibili.com/x/v2/reply/reply?pn=1&type=1&oid=541231000&mode=3&root=3102152847&type=1
3126102899,2020.07.04.00.24.47,88001683,独爱周芷若,回复 @Conqueror_76 :差不多是,https://api.bilibili.com/x/v2/reply/reply?pn=1&type=1&oid=541231000&mode=3&root=3102152847&type=1
3101755986,2020.06.28.21.13.07,67535492,Bili_67535492,选个莫伊拉，队友行就好好奶，队友不行就不当人绕后输出，分分钟就上分了，操作又简单，单挑又强,https://api.bilibili.com/x/v2/reply?pn=2&type=1&oid=541231000&mode=3
3101634279,2020.06.28.20.48.54,379987471,酥酥小憨包,他的意识太差了点,https://api.bilibili.com/x/v2/reply?pn=2&type=1&oid=541231000&mode=3
3101358755,2020.06.28.19.49.57,65392639,張叁豊,这安娜。。。我看一半就看不下去了，真的是种折磨，站位怎么错怎么走，技能怎么错怎么用，肯定没经过分段的毒打[灵魂出窍]与1k分安娜最大的不同可能就是枪准了点,https://api.bilibili.com/x/v2/reply?pn=2&type=1&oid=541231000&mode=3
3100856367,2020.06.28.17.59.15,434066099,-白垠-,很烦，每次站的靠前了死于不明流弹，站的靠后死于上勾拳,https://api.bilibili.com/x/v2/reply?pn=3&type=1&oid=541231000&mode=3
3100849345,2020.06.28.18.00.02,434066099,-白垠-,对了，我是1700分的菜鸡[喜极而泣],https://api.bilibili.com/x/v2/reply/reply?pn=1&type=1&oid=541231000&mode=3&root=3100856367&type=1
3099810358,2020.06.28.12.46.42,15075175,小零在肝ow,我不配做2300的安娜，我不配，我还是玩莫伊拉去吧[tv_大哭],https://api.bilibili.com/x/v2/reply?pn=3&type=1&oid=541231000&mode=3
3099231943,2020.06.28.10.01.18,397997707,炙魚非鱼,[囧]这个睡针爱了，我都是随缘针送有缘人。,https://api.bilibili.com/x/v2/reply?pn=3&type=1&oid=541231000&mode=3
3098615567,2020.06.28.01.46.14,13761028,榴莲死狗,是我的对立面，老怂包安娜乱哭,https://api.bilibili.com/x/v2/reply?pn=3&type=1&oid=541231000&mode=3
3098734113,2020.06.28.03.26.29,4890593,阿盐是只喵,怂一点比送一点好[doge],https://api.bilibili.com/x/v2/reply/reply?pn=1&type=1&oid=541231000&mode=3&root=3098615567&type=1
3097793400,2020.06.27.22.22.05,8008523,沙发垫战神,3000分仰卧起坐[酸了]有的时候不知道该奶谁怎么办,https://api.bilibili.com/x/v2/reply?pn=3&type=1&oid=541231000&mode=3
3097966308,2020.06.27.22.53.33,26898017,想名字什么的最难惹,奶我，我安娜杀完，哈哈哈哈,https://api.bilibili.com/x/v2/reply/reply?pn=1&type=1&oid=541231000&mode=3&root=3097793400&type=1
3098159578,2020.06.27.23.32.47,4890593,阿盐是只喵,谁有用给谁多一些资源,https://api.bilibili.com/x/v2/reply/reply?pn=1&type=1&oid=541231000&mode=3&root=3097793400&type=1
3097193957,2020.06.27.20.23.41,225881373,我是一只刘曦,学到了学到了，up多少分呀[滑稽],https://api.bilibili.com/x/v2/reply?pn=3&type=1&oid=541231000&mode=3
3097421880,2020.06.27.21.10.35,4890593,阿盐是只喵,大师,https://api.bilibili.com/x/v2/reply/reply?pn=1&type=1&oid=541231000&mode=3&root=3097193957&type=1
3097431370,2020.06.27.21.10.53,4890593,阿盐是只喵,动态置顶有详细分数,https://api.bilibili.com/x/v2/reply/reply?pn=1&type=1&oid=541231000&mode=3&root=3097193957&type=1
3096197564,2020.06.27.16.54.56,4263087,_庄生晓梦迷蝴蝶_,这个奶妈真的好猛2333,https://api.bilibili.com/x/v2/reply?pn=3&type=1&oid=541231000&mode=3
3093758537,2020.06.27.02.53.30,221806431,殷又三,想知道这个复盘条件,https://api.bilibili.com/x/v2/reply?pn=3&type=1&oid=541231000&mode=3
3093777288,2020.06.27.03.09.24,4890593,阿盐是只喵,加水友群排队就好～,https://api.bilibili.com/x/v2/reply/reply?pn=1&type=1&oid=541231000&mode=3&root=3093758537&type=1
3093862423,2020.06.27.05.18.35,221806431,殷又三,回复 @Shioko阿盐子 :好的好的,https://api.bilibili.com/x/v2/reply/reply?pn=1&type=1&oid=541231000&mode=3&root=3093758537&type=1
3093722911,2020.06.27.02.28.41,367622,逆无言,这个准度的安娜我不觉得会长期待在2300啊，分段和我差不多但准度高太多了，实名羡慕冷了[小电视_哭泣],https://api.bilibili.com/x/v2/reply?pn=3&type=1&oid=541231000&mode=3
3093752021,2020.06.27.02.49.03,4890593,阿盐是只喵,多练练枪法！,https://api.bilibili.com/x/v2/reply/reply?pn=1&type=1&oid=541231000&mode=3&root=3093722911&type=1
3092044308,2020.06.26.20.10.02,291464888,海豹怎么叫,其实这种枪很准，但是站位有问题的，大部分都不喜欢进麦交流的。。这个游戏交流是很重要的一环 不然你再怎么猛顶到天3500,https://api.bilibili.com/x/v2/reply?pn=3&type=1&oid=541231000&mode=3
3123661203,2020.07.03.15.50.49,204912199,啵啵狼宝ww,2000分根本无法交流，经常说着说着就骂起来了[doge][doge],https://api.bilibili.com/x/v2/reply/reply?pn=1&type=1&oid=541231000&mode=3&root=3092044308&type=1
3128269957,2020.07.04.15.36.15,393892956,Y好久不见,我打这么多把全是闭麦交流,https://api.bilibili.com/x/v2/reply/reply?pn=1&type=1&oid=541231000&mode=3&root=3092044308&type=1
3133222981,2020.07.05.16.38.04,52674453,麦德森先森,回复 @ww非雨海灵顿ww :2000分三句话不理牌子与帅锅。[无语][无语][无语],https://api.bilibili.com/x/v2/reply/reply?pn=1&type=1&oid=541231000&mode=3&root=3092044308&type=1
3138461763,2020.07.06.18.18.30,237249471,夜莺的幻影,回复 @麦德森先森 :。。。没见过，我从1700打到2200遇见甩我锅的几乎没有 甩队友锅的也几乎不存在（可能是因为我话比较多他们没有空隙说，或者是气氛比较好）,https://api.bilibili.com/x/v2/reply/reply?pn=1&type=1&oid=541231000&mode=3&root=3092044308&type=1
3138462826,2020.07.06.18.19.07,237249471,夜莺的幻影,回复 @麦德森先森 :基本那些暴躁老哥也会被安抚下来。。。只要不是俩炸药包撞到一起,https://api.bilibili.com/x/v2/reply/reply?pn=1&type=1&oid=541231000&mode=3&root=3092044308&type=1
3138626242,2020.07.06.18.50.21,52674453,麦德森先森,回复 @夜莺的幻影 :氛围有的好，有的坏，有的愿意打到第五局还安抚队友心情，有的打到3比3就各种不舒服开始打字“互动”。,https://api.bilibili.com/x/v2/reply/reply?pn=1&type=1&oid=541231000&mode=3&root=3092044308&type=1
3138672640,2020.07.06.19.00.18,237249471,夜莺的幻影,回复 @麦德森先森 :我是一直会自己主动背一些锅，这样基本就不会有什么人来怼我，虽然这样子看上去有些窝囊但是我说队友问题的时候他们也会听。。。,https://api.bilibili.com/x/v2/reply/reply?pn=1&type=1&oid=541231000&mode=3&root=3092044308&type=1
3138738944,2020.07.06.19.13.01,52674453,麦德森先森,回复 @夜莺的幻影 :愿意打字活着开麦的都还好，就怕单排碰到三排以上的车,https://api.bilibili.com/x/v2/reply/reply?pn=1&type=1&oid=541231000&mode=3&root=3092044308&type=1
3138753812,2020.07.06.19.15.37,52674453,麦德森先森,回复 @夜莺的幻影 :死活不进队伍语音，字都不打，输了就甩锅，本人平时钻石守门员，最高4003，这段时间定级赛就看队友有没有30几级的铁萌新，有的话心态真的难受。,https://api.bilibili.com/x/v2/reply/reply?pn=1&type=1&oid=541231000&mode=3&root=3092044308&type=1
3139226361,2020.07.06.20.41.41,237249471,夜莺的幻影,回复 @麦德森先森 :确实。。。不过我也拿三十级小号定过级哈哈哈哈,https://api.bilibili.com/x/v2/reply/reply?pn=1&type=1&oid=541231000&mode=3&root=3092044308&type=1
3139237268,2020.07.06.20.43.50,52674453,麦德森先森,回复 @夜莺的幻影 :这一套对有些框子亮得很牌子没有的人不起作用啊。,https://api.bilibili.com/x/v2/reply/reply?pn=1&type=1&oid=541231000&mode=3&root=3092044308&type=1
3140387627,2020.07.07.00.16.43,237249471,夜莺的幻影,回复 @麦德森先森 :那就算自己倒霉，也没什么好说的，团队游戏运气不好队友太坑也没办法,https://api.bilibili.com/x/v2/reply/reply?pn=1&type=1&oid=541231000&mode=3&root=3092044308&type=1
3140398877,2020.07.07.00.20.46,52674453,麦德森先森,回复 @夜莺的幻影 :难受，倒霉的要死，开放排位把把051，就我一个奶,https://api.bilibili.com/x/v2/reply/reply?pn=1&type=1&oid=541231000&mode=3&root=3092044308&type=1
3141751078,2020.07.07.11.53.45,237249471,夜莺的幻影,回复 @麦德森先森 :你需要小伙伴哈哈哈哈,https://api.bilibili.com/x/v2/reply/reply?pn=1&type=1&oid=541231000&mode=3&root=3092044308&type=1
3189665834,2020.07.17.09.41.13,18964750,落日秋声,经常碰见双排不进语音也不交流，打完输了发一句fw队友就跑了,https://api.bilibili.com/x/v2/reply/reply?pn=1&type=1&oid=541231000&mode=3&root=3092044308&type=1
3090477763,2020.06.26.14.35.15,22447942,灼一口,支持,https://api.bilibili.com/x/v2/reply?pn=3&type=1&oid=541231000&mode=3
3090018752,2020.06.26.12.52.13,10529698,巴蒂不是八弟,这安娜是真的准，特别是睡针,https://api.bilibili.com/x/v2/reply?pn=3&type=1&oid=541231000&mode=3
3089787972,2020.06.26.12.05.30,178513985,卡古拉没牙,我嘛就是另外一种的了。差不多只跟队友走。很少打对面总怕换弹的时候队友暴毙。激素倒是一样的都是给t位 除非c位和我要他也打出效果了(主要是t位好找。。c位来个源氏猎空我是找不到的。。)。然后睡针随缘。有缘自然会中[笑哭],https://api.bilibili.com/x/v2/reply?pn=3&type=1&oid=541231000&mode=3
3089553226,2020.06.26.11.15.12,182417232,雪落天南,我觉得激素给谁不是看谁能用，而是看我相信谁吧，我们2000分这个段大多数C都靠不住，激素给T收益更高,https://api.bilibili.com/x/v2/reply?pn=3&type=1&oid=541231000&mode=3
3089554210,2020.06.26.11.15.55,182417232,雪落天南,至少还没到激素给谁就一定能打出效果的程度，激素跑路的人我都遇到不少,https://api.bilibili.com/x/v2/reply/reply?pn=1&type=1&oid=541231000&mode=3&root=3089553226&type=1
3089572582,2020.06.26.11.18.19,26532237,喵猫猫猫颜,确实，不过有时候也可以看情况，毕竟安娜激素刷的还是很快的，给谁能获得最大收益就给谁,https://api.bilibili.com/x/v2/reply/reply?pn=1&type=1&oid=541231000&mode=3&root=3089553226&type=1
3089628332,2020.06.26.11.32.11,182417232,雪落天南,回复 @猫颜jie-jie :所以一般还是倾向给T的，对这个段位的C普遍不抱太大希望,https://api.bilibili.com/x/v2/reply/reply?pn=1&type=1&oid=541231000&mode=3&root=3089553226&type=1
3090941445,2020.06.26.16.29.24,26532237,喵猫猫猫颜,回复 @凌霄V0V :这分段C除了炸鱼就是憨比,https://api.bilibili.com/x/v2/reply/reply?pn=1&type=1&oid=541231000&mode=3&root=3089553226&type=1
3091343260,2020.06.26.17.55.32,182417232,雪落天南,回复 @猫颜jie-jie :太真实了,https://api.bilibili.com/x/v2/reply/reply?pn=1&type=1&oid=541231000&mode=3&root=3089553226&type=1
3091852786,2020.06.26.19.31.18,26532237,喵猫猫猫颜,回复 @凌霄V0V :打了一下午，遇到了三把炸鱼的，放空自己,https://api.bilibili.com/x/v2/reply/reply?pn=1&type=1&oid=541231000&mode=3&root=3089553226&type=1
3093454933,2020.06.27.00.40.03,44539809,Paracosmism,我一般打一会看谁冒火了就给谁[喜极而泣],https://api.bilibili.com/x/v2/reply/reply?pn=1&type=1&oid=541231000&mode=3&root=3089553226&type=1
3094887394,2020.06.27.11.53.33,182417232,雪落天南,回复 @猫颜jie-jie :碰到炸鱼的是真的没办法，技不如人就只能当鱼,https://api.bilibili.com/x/v2/reply/reply?pn=1&type=1&oid=541231000&mode=3&root=3089553226&type=1
3094896121,2020.06.27.11.54.11,182417232,雪落天南,回复 @__leonly__ :确实，冒火了的一般会好点,https://api.bilibili.com/x/v2/reply/reply?pn=1&type=1&oid=541231000&mode=3&root=3089553226&type=1
3095487966,2020.06.27.13.57.18,487409546,还是叫我不燃吧,2字头的分段（打竞技时）激素一定信得过的c，不然不如用来保人,https://api.bilibili.com/x/v2/reply/reply?pn=1&type=1&oid=541231000&mode=3&root=3089553226&type=1
3095508631,2020.06.27.14.01.42,182417232,雪落天南,回复 @Non-combustible :所以说C大多都信不过啊，90%的情况都是给T或者抬血,https://api.bilibili.com/x/v2/reply/reply?pn=1&type=1&oid=541231000&mode=3&root=3089553226&type=1
3095944153,2020.06.27.15.54.05,26532237,喵猫猫猫颜,回复 @凌霄V0V :确实(๑•́ωก̀๑),https://api.bilibili.com/x/v2/reply/reply?pn=1&type=1&oid=541231000&mode=3&root=3089553226&type=1
3096130201,2020.06.27.16.37.52,4890593,阿盐是只喵,怎么说呢，虽然低分段c可能是不太可靠，但是如果一开始就不信任自家c的话肯定是不行的哦。而且如果真的想上分肯定是不能把自己的意识和思维局限于低分局的啦！,https://api.bilibili.com/x/v2/reply/reply?pn=1&type=1&oid=541231000&mode=3&root=3089553226&type=1
3096164741,2020.06.27.16.48.37,182417232,雪落天南,回复 @Shioko阿盐子 :不是我开始就不信任C，我也想信任C的来着，每局开始我都会观察一段时间，而他们中大多往往会用实际行为证明自己确实就是无法被人信任,https://api.bilibili.com/x/v2/reply/reply?pn=1&type=1&oid=541231000&mode=3&root=3089553226&type=1
3096316572,2020.06.27.17.21.03,4890593,阿盐是只喵,"回复 @凌霄V0V :其实给激素的时机不是很死的，除了开团给也可以拿来保人。或者像我这个复盘里面麦克雷开大了给他也是很好的选择。
我的意思就是没必要觉得一定要给T。",https://api.bilibili.com/x/v2/reply/reply?pn=1&type=1&oid=541231000&mode=3&root=3089553226&type=1
3096606627,2020.06.27.18.22.17,4266937,星河之虫,我2300黄金c挣扎，有一次遇到真正看得懂的奶了，我第一把刀干拔砍四个直接拿下点，安娜第一个激素是给了大锤，从我那一把刀开始不管我大招好没好安娜激素就往我身上扎，另一个奶本来是莫伊拉直接换成天使[抠鼻][抠鼻],https://api.bilibili.com/x/v2/reply/reply?pn=1&type=1&oid=541231000&mode=3&root=3089553226&type=1
3096609032,2020.06.27.18.23.40,4266937,星河之虫,这游戏玩奶，第一件事是保证自己生存，第二件事就是看懂队里谁是真正给资源就能c的大哥。我c位2300奶位2900，有时候真的看不懂黄金奶的操作，就很气,https://api.bilibili.com/x/v2/reply/reply?pn=1&type=1&oid=541231000&mode=3&root=3089553226&type=1
3096957778,2020.06.27.19.34.06,182417232,雪落天南,回复 @Shioko阿盐子 :主要不是激素给不给，是他吃资源不干事我就不想给资源他,https://api.bilibili.com/x/v2/reply/reply?pn=1&type=1&oid=541231000&mode=3&root=3089553226&type=1
3097426569,2020.06.27.21.10.29,4890593,阿盐是只喵,回复 @凌霄V0V :嗯嗯 还是根据实战遇到的队友判断吧，但不代表就一定不能给c位啦,https://api.bilibili.com/x/v2/reply/reply?pn=1&type=1&oid=541231000&mode=3&root=3089553226&type=1
3097602157,2020.06.27.21.45.39,182417232,雪落天南,回复 @Shioko阿盐子 :要是C靠谱点我肯定还是给啊，一般遇到源氏铁拳死神麦克雷之类的我第一个激素都会给他们的,https://api.bilibili.com/x/v2/reply/reply?pn=1&type=1&oid=541231000&mode=3&root=3089553226&type=1
3102944177,2020.06.29.02.36.30,259532880,随和大虾,回复 @Shioko阿盐子 :但是我觉得激素给T确实是一个不错的选择，T位血多加上激素减伤使T即使被集火也不会轻易死，像大锤毛妹猩猩这种T还有稳定且可观的输出，如果给C位容易被针对，对面如果打一波集火还可能奶不过来[OK],https://api.bilibili.com/x/v2/reply/reply?pn=2&type=1&oid=541231000&mode=3&root=3089553226&type=1
3102995455,2020.06.29.03.17.06,4890593,阿盐是只喵,回复 @随和大虾 :这个还是根据情况吧，很多时候给c开大招保命也效果翻倍。一波团战打赢了直接打下来,https://api.bilibili.com/x/v2/reply/reply?pn=2&type=1&oid=541231000&mode=3&root=3089553226&type=1
3122950568,2020.07.03.12.36.10,259532880,随和大虾,回复 @Shioko阿盐子 :学到了，今天给一个残血麦克雷激素，本想是保一手的，结果他点完了[吃瓜],https://api.bilibili.com/x/v2/reply/reply?pn=2&type=1&oid=541231000&mode=3&root=3089553226&type=1
3128273518,2020.07.04.15.35.49,393892956,Y好久不见,激素高能毛妹爽的一匹,https://api.bilibili.com/x/v2/reply/reply?pn=2&type=1&oid=541231000&mode=3&root=3089553226&type=1
3130851442,2020.07.05.01.39.43,182417232,雪落天南,回复 @我来了练习册 :那确实,https://api.bilibili.com/x/v2/reply/reply?pn=2&type=1&oid=541231000&mode=3&root=3089553226&type=1
3141085646,2020.07.07.08.27.14,76563427,放风筝de小熊猫,2000多分激素大锤是最好用的感觉，还有就是和朋友一起玩的时候的激素刀,https://api.bilibili.com/x/v2/reply/reply?pn=2&type=1&oid=541231000&mode=3&root=3089553226&type=1
3160470788,2020.07.11.08.41.49,503998203,神樂狂三,我一般是比较信任队友，他敢要我一定给，如果没人要我就配合t大招或者保人了[OK],https://api.bilibili.com/x/v2/reply/reply?pn=2&type=1&oid=541231000&mode=3&root=3089553226&type=1
3174887508,2020.07.14.07.04.50,17081169,HS_云,哎，这个分段的c跟最早的不一样，现在创个新号，定级就在2000左右，根本不像最早的赛季[大哭]可能过一段时间，现在的新手也不再是新手的时候，2000的c就会改善了,https://api.bilibili.com/x/v2/reply/reply?pn=2&type=1&oid=541231000&mode=3&root=3089553226&type=1
3176335873,2020.07.14.14.20.13,182417232,雪落天南,回复 @HS_云 :按照现在的白给先锋，每个月总得整点花的来送游戏，我觉得新手只会越来越多,https://api.bilibili.com/x/v2/reply/reply?pn=2&type=1&oid=541231000&mode=3&root=3089553226&type=1
3176332247,2020.07.14.14.20.35,182417232,雪落天南,回复 @HS_云 :新号定级赢三场必在黄金以上,https://api.bilibili.com/x/v2/reply/reply?pn=2&type=1&oid=541231000&mode=3&root=3089553226&type=1
3177787393,2020.07.14.20.08.39,17081169,HS_云,回复 @凌霄V0V :哎，愁啊,https://api.bilibili.com/x/v2/reply/reply?pn=2&type=1&oid=541231000&mode=3&root=3089553226&type=1
3183365912,2020.07.15.22.27.27,450613731,III天玥III,回复 @凌霄V0V :一般和朋友一起，他可以莽，但死不死就看激素和我的奶了[笑哭],https://api.bilibili.com/x/v2/reply/reply?pn=2&type=1&oid=541231000&mode=3&root=3089553226&type=1
3088787905,2020.06.26.07.12.23,3974131,小粉L1tPk,这安娜有提升空间的 有些操作优化一下能上大分,https://api.bilibili.com/x/v2/reply?pn=3&type=1&oid=541231000&mode=3
3090301549,2020.06.26.13.52.24,4890593,阿盐是只喵,对的 感觉他的枪法和反应能力在这个分段已经很好了,https://api.bilibili.com/x/v2/reply/reply?pn=1&type=1&oid=541231000&mode=3&root=3088787905&type=1
3090930151,2020.06.26.16.26.15,51086601,常向神明许愿丶,粉子哥捕捉～,https://api.bilibili.com/x/v2/reply/reply?pn=1&type=1&oid=541231000&mode=3&root=3088787905&type=1
3091820701,2020.06.26.19.24.02,3974131,小粉L1tPk,回复 @安妮的小熊丶W :不是本人,https://api.bilibili.com/x/v2/reply/reply?pn=1&type=1&oid=541231000&mode=3&root=3088787905&type=1
3092565585,2020.06.26.21.44.19,51086601,常向神明许愿丶,斗鱼丶不是本人,https://api.bilibili.com/x/v2/reply/reply?pn=1&type=1&oid=541231000&mode=3&root=3088787905&type=1
3088761461,2020.06.26.06.46.19,20123544,我不认识挞皮,我安娜就这样。。。。特别容易上头，站位巴不得跟对面双t肩并肩了，跟我性格也有关系，但是最近在努力改了,https://api.bilibili.com/x/v2/reply?pn=3&type=1&oid=541231000&mode=3
3144459447,2020.07.07.21.53.40,470290929,取啥名好呢好纠结,c玩多了是真的忍不住,https://api.bilibili.com/x/v2/reply/reply?pn=1&type=1&oid=541231000&mode=3&root=3088761461&type=1
3171022545,2020.07.13.12.25.01,7950809,PEKINGcalling,回复 @取啥名好呢好纠结 :我也这样，不过我转枪辅前是天使main……,https://api.bilibili.com/x/v2/reply/reply?pn=1&type=1&oid=541231000&mode=3&root=3088761461&type=1
3088660010,2020.06.26.04.06.50,768415,蓝白硬币巧克力,这种阴间站位的奶，说再多也不会听，搞不好还被踢出队伍[怪我咯],https://api.bilibili.com/x/v2/reply?pn=3&type=1&oid=541231000&mode=3
3088654827,2020.06.26.04.09.41,768415,蓝白硬币巧克力,闭麦被踢，不闭麦还被踢。[怪我咯]路人组队快速是真难伺候,https://api.bilibili.com/x/v2/reply/reply?pn=1&type=1&oid=541231000&mode=3&root=3088660010&type=1
3088671877,2020.06.26.04.21.34,4890593,阿盐是只喵,倒不至于 至少这把竞技是赢了的哈哈哈,https://api.bilibili.com/x/v2/reply/reply?pn=1&type=1&oid=541231000&mode=3&root=3088660010&type=1
3088691655,2020.06.26.05.12.43,23904927,审判长死神,大体站的靠前也是可以的，但要找掩体。会躲的冲锋安娜和不会躲的冲锋安娜也是有天壤之别的。。。。,https://api.bilibili.com/x/v2/reply/reply?pn=1&type=1&oid=541231000&mode=3&root=3088660010&type=1
3088620719,2020.06.26.03.14.18,37998805,SCP_682不灭孽蜥,好凶一安娜。。。,https://api.bilibili.com/x/v2/reply?pn=3&type=1&oid=541231000&mode=3
3088444800,2020.06.26.01.30.09,24366175,林目心,俺天天看mL7录播，分数从1800到了2800,https://api.bilibili.com/x/v2/reply?pn=3&type=1&oid=541231000&mode=3
3088449970,2020.06.26.01.30.30,4890593,阿盐是只喵,hhh我也喜欢看ml7，能学到很多东西的,https://api.bilibili.com/x/v2/reply/reply?pn=1&type=1&oid=541231000&mode=3&root=3088444800&type=1
3093416325,2020.06.27.00.27.46,4885808,穷信恰咧,ml7是谁呀,https://api.bilibili.com/x/v2/reply/reply?pn=1&type=1&oid=541231000&mode=3&root=3088444800&type=1
3093541981,2020.06.27.01.04.48,1591322,諗,看ml7主要就是看战位，就算命中率只有50%会战位就基本能上3500，后面的要靠团队沟通和命中率了,https://api.bilibili.com/x/v2/reply/reply?pn=1&type=1&oid=541231000&mode=3&root=3088444800&type=1
3093635881,2020.06.27.01.39.31,24366175,林目心,回复 @諗 :我现在55左右了，但是已经失去打守望的动力了,https://api.bilibili.com/x/v2/reply/reply?pn=1&type=1&oid=541231000&mode=3&root=3088444800&type=1
3094258367,2020.06.27.09.19.38,1591322,諗,回复 @林目心 :我也是每次打完定位赛就只打街机了,https://api.bilibili.com/x/v2/reply/reply?pn=1&type=1&oid=541231000&mode=3&root=3088444800&type=1
114078128160,2022.05.23.19.59.58,351109426,红色号角,回复 @阿盐是只喵 :ml7是谁？想过去学习学习,https://api.bilibili.com/x/v2/reply/reply?pn=1&type=1&oid=541231000&mode=3&root=3088444800&type=1
114078203280,2022.05.23.20.01.09,4890593,阿盐是只喵,回复 @红色号角 :国外很有名的安娜高玩，在b站搜索都可以找到他的相关视频呀,https://api.bilibili.com/x/v2/reply/reply?pn=1&type=1&oid=541231000&mode=3&root=3088444800&type=1
114148857664,2022.05.24.12.31.52,351109426,红色号角,回复 @阿盐是只喵 :好的，谢谢,https://api.bilibili.com/x/v2/reply/reply?pn=1&type=1&oid=541231000&mode=3&root=3088444800&type=1
3088427104,2020.06.26.01.21.09,258803280,FaiThesir,带着阿盐老师的头衔来看阿盐老师了。,https://api.bilibili.com/x/v2/reply?pn=3&type=1&oid=541231000&mode=3
3088450590,2020.06.26.01.30.01,4890593,阿盐是只喵,嘿嘿嘿,https://api.bilibili.com/x/v2/reply/reply?pn=1&type=1&oid=541231000&mode=3&root=3088427104&type=1
3088392883,2020.06.26.01.09.58,32195380,菠萝包Lorin,2000安娜来学习[小A和小B_低头],https://api.bilibili.com/x/v2/reply?pn=4&type=1&oid=541231000&mode=3
3088445518,2020.06.26.01.25.06,32195380,菠萝包Lorin,最近是停不下来的瞬镜,https://api.bilibili.com/x/v2/reply/reply?pn=1&type=1&oid=541231000&mode=3&root=3088392883&type=1
3088244665,2020.06.26.00.27.46,5465071,水神拖尔,好强的枪法和反应，我连开镜都奶不到人  更别说睡针,https://api.bilibili.com/x/v2/reply?pn=4&type=1&oid=541231000&mode=3
3088341414,2020.06.26.00.50.42,4890593,阿盐是只喵,所以还是要实战多练练,https://api.bilibili.com/x/v2/reply/reply?pn=1&type=1&oid=541231000&mode=3&root=3088244665&type=1
3088174302,2020.06.26.00.09.56,35299448,一柳梦璃,2000分左右来学习学习😊,https://api.bilibili.com/x/v2/reply?pn=4&type=1&oid=541231000&mode=3
3088222787,2020.06.26.00.20.45,4890593,阿盐是只喵,加油呀,https://api.bilibili.com/x/v2/reply/reply?pn=1&type=1&oid=541231000&mode=3&root=3088174302&type=1
3088167991,2020.06.26.00.07.39,10768528,自由的香椒君,这个打法和我如出一辙,https://api.bilibili.com/x/v2/reply?pn=4&type=1&oid=541231000&mode=3
3088219623,2020.06.26.00.20.49,4890593,阿盐是只喵,哈哈哈上头,https://api.bilibili.com/x/v2/reply/reply?pn=1&type=1&oid=541231000&mode=3&root=3088167991&type=1
3088238151,2020.06.26.00.24.37,10768528,自由的香椒君,没错！硬是玩成战斗奶妈,https://api.bilibili.com/x/v2/reply/reply?pn=1&type=1&oid=541231000&mode=3&root=3088167991&type=1
3087428923,2020.06.25.21.54.16,408016984,ANGELZIEGLER,我是个菜鸡，我从800打到了1550。阿盐快夸我😭,https://api.bilibili.com/x/v2/reply?pn=4&type=1&oid=541231000&mode=3
3087571755,2020.06.25.22.17.25,296850280,--啼笑皆非--,讲真兄弟，感觉你上的这700多分比从白银上白金都难,https://api.bilibili.com/x/v2/reply/reply?pn=1&type=1&oid=541231000&mode=3&root=3087428923&type=1
3087586148,2020.06.25.22.19.31,408016984,ANGELZIEGLER,谢谢,https://api.bilibili.com/x/v2/reply/reply?pn=1&type=1&oid=541231000&mode=3&root=3087428923&type=1
3087590094,2020.06.25.22.20.22,408016984,ANGELZIEGLER,中途和朋友激素刀连赢了7吧，然后输，再连赢,https://api.bilibili.com/x/v2/reply/reply?pn=1&type=1&oid=541231000&mode=3&root=3087428923&type=1
3087592153,2020.06.25.22.21.31,4890593,阿盐是只喵,棒棒,https://api.bilibili.com/x/v2/reply/reply?pn=1&type=1&oid=541231000&mode=3&root=3087428923&type=1
3087618161,2020.06.25.22.25.16,408016984,ANGELZIEGLER,[喜欢],https://api.bilibili.com/x/v2/reply/reply?pn=1&type=1&oid=541231000&mode=3&root=3087428923&type=1
3089812794,2020.06.26.12.10.29,479021624,电棍丷高分少女,上了一倍的分，狠[加油],https://api.bilibili.com/x/v2/reply/reply?pn=1&type=1&oid=541231000&mode=3&root=3087428923&type=1
3090439769,2020.06.26.14.27.55,408016984,ANGELZIEGLER,回复 @笨b-小蓝 :[阴险][囧],https://api.bilibili.com/x/v2/reply/reply?pn=1&type=1&oid=541231000&mode=3&root=3087428923&type=1
3092123841,2020.06.26.20.25.09,487409546,还是叫我不燃吧,我是纯定级党，通过刷隐藏分只打定级青铜上铂金[偷笑],https://api.bilibili.com/x/v2/reply/reply?pn=1&type=1&oid=541231000&mode=3&root=3087428923&type=1
3100406945,2020.06.28.15.49.41,5082171,格萌,回复 @Non-combustible :我的天 求教一下隐藏分怎么升[笑哭]好久没玩的每次定级都很惨,https://api.bilibili.com/x/v2/reply/reply?pn=1&type=1&oid=541231000&mode=3&root=3087428923&type=1
3100443743,2020.06.28.16.03.35,487409546,还是叫我不燃吧,回复 @格萌 :我只知道奶妈的，最简单的方法就是刷数据。打快速不要在意胜率，猛的刷奶量，往死里奶，遇见dva加猪不要怕，微笑着面（奶）对（爆）他们。不建议多刷（有、破坏别人游戏体验）,https://api.bilibili.com/x/v2/reply/reply?pn=1&type=1&oid=541231000&mode=3&root=3087428923&type=1
3100717004,2020.06.28.17.25.21,507159480,我只心疼纯良,西格玛刚出的时候，我一个c位玩家从1200打到2300，绝了,https://api.bilibili.com/x/v2/reply/reply?pn=1&type=1&oid=541231000&mode=3&root=3087428923&type=1
3102531444,2020.06.28.23.46.38,408016984,ANGELZIEGLER,回复 @抽不到瑰不改名 :真的强,https://api.bilibili.com/x/v2/reply/reply?pn=1&type=1&oid=541231000&mode=3&root=3087428923&type=1
3104005044,2020.06.29.12.42.08,323563059,-丨Just丨-,回复 @Non-combustible :所以你是打快速来叠隐藏分然后打定级？,https://api.bilibili.com/x/v2/reply/reply?pn=1&type=1&oid=541231000&mode=3&root=3087428923&type=1
3104530709,2020.06.29.15.29.51,487409546,还是叫我不燃吧,回复 @可以吃的艾露尼斯 :嗯，爬段太闹心了，竞技只打定级吃低保（奈何金武器香啊！）,https://api.bilibili.com/x/v2/reply/reply?pn=1&type=1&oid=541231000&mode=3&root=3087428923&type=1
3106935034,2020.06.30.00.46.07,8905342,森林的黑鱼,我从800分专精天使两个赛季才到1400[tv_流泪]真的上不动了,https://api.bilibili.com/x/v2/reply/reply?pn=1&type=1&oid=541231000&mode=3&root=3087428923&type=1
3107206680,2020.06.30.04.13.43,472859254,守护者之息,我我我！我从1400也打到2100了！夸夸自己,https://api.bilibili.com/x/v2/reply/reply?pn=1&type=1&oid=541231000&mode=3&root=3087428923&type=1
3107634392,2020.06.30.09.44.05,408016984,ANGELZIEGLER,回复 @黑鱼齐格勒 :天使没人保 真的没法玩,https://api.bilibili.com/x/v2/reply/reply?pn=1&type=1&oid=541231000&mode=3&root=3087428923&type=1
3133220060,2020.07.05.16.35.54,52674453,麦德森先森,回复 @Non-combustible :还有这种事？（我有个朋友想知道咋刷隐藏分）,https://api.bilibili.com/x/v2/reply/reply?pn=1&type=1&oid=541231000&mode=3&root=3087428923&type=1
3141074662,2020.07.07.08.26.03,76563427,放风筝de小熊猫,小号铂金，大号1500用了几个赛季终于打到了黄金，感觉竟然没啥变化[笑哭],https://api.bilibili.com/x/v2/reply/reply?pn=1&type=1&oid=541231000&mode=3&root=3087428923&type=1
3150771328,2020.07.09.07.35.07,24910873,叶殇君QAQ,定级赛打完不就1700以上了吗[疑惑][疑惑]我还没有一次1700以下过。,https://api.bilibili.com/x/v2/reply/reply?pn=1&type=1&oid=541231000&mode=3&root=3087428923&type=1
3151204975,2020.07.09.10.22.10,408016984,ANGELZIEGLER,回复 @叶殇君QAQ :我太菜了，不知道隐藏分是什么，辅助定级玩就是这么低,https://api.bilibili.com/x/v2/reply/reply?pn=2&type=1&oid=541231000&mode=3&root=3087428923&type=1
3151940681,2020.07.09.13.18.03,37048937,生活不易猫猫哭泣,回复 @Non-combustible :原来我在白金遇到的混子都是那么来的[热词系列_锤],https://api.bilibili.com/x/v2/reply/reply?pn=2&type=1&oid=541231000&mode=3&root=3087428923&type=1
3161983295,2020.07.11.15.09.36,53591821,link牧野,回复 @--啼笑皆非-- :我上个赛季从1100多打到1900太难了，入坑不久,https://api.bilibili.com/x/v2/reply/reply?pn=2&type=1&oid=541231000&mode=3&root=3087428923&type=1
3165344489,2020.07.12.08.27.02,14440284,法合院长,我就不一样了，定级1500，掉到1000又打回1500，又掉到1000，已经懒得打排位了，打快速快乐[灵魂出窍][灵魂出窍],https://api.bilibili.com/x/v2/reply/reply?pn=2&type=1&oid=541231000&mode=3&root=3087428923&type=1
3166001111,2020.07.12.11.28.52,408016984,ANGELZIEGLER,我以前也是这样，但是觉得快速赢了也没有意义,https://api.bilibili.com/x/v2/reply/reply?pn=2&type=1&oid=541231000&mode=3&root=3087428923&type=1
3165992646,2020.07.12.11.29.22,408016984,ANGELZIEGLER,回复 @法合院长 :现在我已经黄金了，有了金武[微笑],https://api.bilibili.com/x/v2/reply/reply?pn=2&type=1&oid=541231000&mode=3&root=3087428923&type=1
3174882355,2020.07.14.07.03.09,17081169,HS_云,哎，我从1200打到了2100。说真的，你这个比你从1550打到2550可能还难[笑哭]（如果没有大佬带飞）,https://api.bilibili.com/x/v2/reply/reply?pn=2&type=1&oid=541231000&mode=3&root=3087428923&type=1
3175436685,2020.07.14.10.41.54,408016984,ANGELZIEGLER,回复 @HS_云 :现在打到2100了[微笑]和朋友一起玩就是快乐,https://api.bilibili.com/x/v2/reply/reply?pn=2&type=1&oid=541231000&mode=3&root=3087428923&type=1
3177782544,2020.07.14.20.08.17,17081169,HS_云,回复 @伊织N7JIBQ :嗯嗯嗯！加油！我2205了嘿嘿，加油嗷,https://api.bilibili.com/x/v2/reply/reply?pn=2&type=1&oid=541231000&mode=3&root=3087428923&type=1
3189023002,2020.07.17.02.01.32,15202530,待笑XD,单排玩家，第一次定级青铜t黄金c白银奶，现在单排tc铂金奶位2400,https://api.bilibili.com/x/v2/reply/reply?pn=2&type=1&oid=541231000&mode=3&root=3087428923&type=1
3189948535,2020.07.17.11.01.54,408016984,ANGELZIEGLER,回复 @待笑XD :牛啊,https://api.bilibili.com/x/v2/reply/reply?pn=2&type=1&oid=541231000&mode=3&root=3087428923&type=1
3087342922,2020.06.25.21.39.11,329003662,prayling,首页来的,https://api.bilibili.com/x/v2/reply?pn=4&type=1&oid=541231000&mode=3
3087592423,2020.06.25.22.21.40,4890593,阿盐是只喵,哇哦,https://api.bilibili.com/x/v2/reply/reply?pn=1&type=1&oid=541231000&mode=3&root=3087342922&type=1
3087291094,2020.06.25.21.30.16,6733766,小殇丶D,进来学习学习[热词系列_知识增加],https://api.bilibili.com/x/v2/reply?pn=4&type=1&oid=541231000&mode=3
3086597582,2020.06.25.19.16.51,2311850,空笔芯,来了来了ww好好学习,https://api.bilibili.com/x/v2/reply?pn=4&type=1&oid=541231000&mode=3
3086549447,2020.06.25.19.07.33,28274998,森林の熊在跳舞,在？这个不是黑百合？[doge],https://api.bilibili.com/x/v2/reply?pn=4&type=1&oid=541231000&mode=3
3086584175,2020.06.25.19.14.40,4890593,阿盐是只喵,哈哈哈啊哈黑百合不会跑到前面去啊 我觉得像麦克雷,https://api.bilibili.com/x/v2/reply/reply?pn=1&type=1&oid=541231000&mode=3&root=3086549447&type=1
3086738798,2020.06.25.19.44.51,353387648,美特拉03,回复 @Shioko阿盐子 :没，这安娜比我麦克雷站位激进多了……,https://api.bilibili.com/x/v2/reply/reply?pn=1&type=1&oid=541231000&mode=3&root=3086549447&type=1
3086741834,2020.06.25.19.45.14,4890593,阿盐是只喵,回复 @美特拉03 :哈哈哈哈哈哈,https://api.bilibili.com/x/v2/reply/reply?pn=1&type=1&oid=541231000&mode=3&root=3086549447&type=1
3089309679,2020.06.26.10.15.46,40058745,奶油耗子,回复 @Shioko阿盐子 :莫伊拉站位,https://api.bilibili.com/x/v2/reply/reply?pn=1&type=1&oid=541231000&mode=3&root=3086549447&type=1
3104128756,2020.06.29.13.14.11,98651050,帕金森怎么治,回复 @Shioko阿盐子 :这一看就是老死神了[doge],https://api.bilibili.com/x/v2/reply/reply?pn=1&type=1&oid=541231000&mode=3&root=3086549447&type=1
3086533866,2020.06.25.19.04.19,389409462,OceanNaCl,沙发～,https://api.bilibili.com/x/v2/reply?pn=4&type=1&oid=541231000&mode=3
