3074435999,2020.06.23.02.21.38,487409546,还是叫我不燃吧,"英雄没有优劣之分，和阵容、玩家水平有关
主副奶判定：根据另一个奶相对而言
.............................
1.瞬间抬血快+功能群奶：安娜+锤妹
2.瞬间抬血快+单体稳定奶：安娜+天使
（瞬间回血快，能够让队友的血量长时间维持在一个健康的水平，增加生存率）
3.治疗稳定+功能性强：巴蒂+和尚（owl常见）
4.手长+手短：能给到远处队友资源
治疗距离：远距离安娜、和尚；中距离：天使，巴蒂；短距离：DJ，锤妹，莫伊拉
................................
更换辅助：尽可能选择自己会玩的
没人保你（尤其是低分段）：考虑换DJ，莫伊拉，锤妹
对面狗多：优先考虑锤妹莫伊拉
需要续点：DJ，莫伊拉，巴蒂，锤妹
队伍有长枪、法鸡、echo：比较需要天使；对面有法鸡也可以用天使给长枪资源，或者用和尚挂易伤（具体看狗）
...................................
安娜+天使：奶量十足，ct吃到的资源比较平均，对源，法鸡，echo比较友好；难以抵挡高爆发大招，也比较难接狗。辅助需要 双奶互保 安娜奶住t刷激素，天使分摊安娜的治疗压力、必要的时候能给队友加攻
安娜+锤妹：适用于对方狗多而我方需要激素的时候，锤妹能为安娜提供一个更好的生存环境，提升t位的生存能力；c位吃到的资源相对较少，容易吗克制，安娜掉了容易导致队伍却奶。辅助需要 安娜维持血线在正常水平，稍微雨露均沾，锤妹要尽可能留一个甲给安娜，站位上锤妹不能离安娜太远，安娜不能太后（13：44有up整理的更详细的讲解）
........................
我又来当课代表了，up在视频里有些话反复说，就是希望大家不要吵起来。这一期和上一期相比耳朵体验更加舒适（声音不会忽大忽小），顺便一人血书下期有“1分钟占点”时阵容搭配",https://api.bilibili.com/x/v2/reply/main?jsonp=jsonp&type=1&oid=413586901&mode=3
3074480799,2020.06.23.03.05.10,4890593,阿盐是只喵,哇课代表来了！,https://api.bilibili.com/x/v2/reply/reply?pn=1&type=1&oid=413586901&mode=3&root=3074435999&type=1
3074584279,2020.06.23.06.19.27,37821744,umannd,回复 @Shioko阿盐子 :盐子，每次在3000分的排位里掏出安娜+天使的阵容，我的天使十局里有七局都是治疗金，这种情况正常吗？,https://api.bilibili.com/x/v2/reply/reply?pn=1&type=1&oid=413586901&mode=3&root=3074435999&type=1
3074770443,2020.06.23.08.23.58,75072248,清缕星漪,回复 @unnamed108 :非常正常吧……比较高端的局一般都知道集火，蓝线的时候就会比较少，安娜还需要补补人什么的，还有就是女武神一波爆发群奶直接甩安娜一条街[吃瓜],https://api.bilibili.com/x/v2/reply/reply?pn=1&type=1&oid=413586901&mode=3&root=3074435999&type=1
3074775981,2020.06.23.08.25.47,75072248,清缕星漪,回复 @unnamed108 :我十局里八九局都是奶金，有时候还有个占点铜什么的,https://api.bilibili.com/x/v2/reply/reply?pn=1&type=1&oid=413586901&mode=3&root=3074435999&type=1
3075527298,2020.06.23.12.34.41,4890593,阿盐是只喵,回复 @unnamed108 :安娜如果禁疗瓶砸得多，确实天使奶量金也挺正常的。因为不是光凭奶量金而决定谁是主副奶滴,https://api.bilibili.com/x/v2/reply/reply?pn=1&type=1&oid=413586901&mode=3&root=3074435999&type=1
3076795031,2020.06.23.18.37.44,294485669,YiQiu奕秋,回复 @Shioko阿盐子 :其实最后gay点阶段也可以利用安娜禁疗减少双方差距的,https://api.bilibili.com/x/v2/reply/reply?pn=1&type=1&oid=413586901&mode=3&root=3074435999&type=1
3076802968,2020.06.23.18.40.26,4890593,阿盐是只喵,回复 @YiQiu奕秋 :一般想来gay点但都会堵门，安娜几乎出不来,https://api.bilibili.com/x/v2/reply/reply?pn=1&type=1&oid=413586901&mode=3&root=3074435999&type=1
3084011398,2020.06.25.09.59.02,4259834,joseph-无烬,8D+和尚，这个组合真的无敌好用！输出极高，奶量也足！最主要的是，和尚和8D双保护技！其实很硬的！不过不知道为啥天梯都不爱用这两个，基本上都是安娜加个别的,https://api.bilibili.com/x/v2/reply/reply?pn=1&type=1&oid=413586901&mode=3&root=3074435999&type=1
3084031430,2020.06.25.10.02.32,487409546,还是叫我不燃吧,回复 @joseph-无烬 :确实很强，群奶足，伤害高，还能给自家狗位资源；但是没有强控，这应该就是少见的原因吧,https://api.bilibili.com/x/v2/reply/reply?pn=1&type=1&oid=413586901&mode=3&root=3074435999&type=1
3119205256,2020.07.02.16.52.28,341087761,夜懿舞,回复 @joseph-无烬 :因为命中率高的巴蒂和尚都去玩c了,https://api.bilibili.com/x/v2/reply/reply?pn=1&type=1&oid=413586901&mode=3&root=3074435999&type=1
3119380648,2020.07.02.17.32.14,4259834,joseph-无烬,回复 @夜懿舞 :难道不是命中率不高的都不玩巴蒂和尚吗。。。,https://api.bilibili.com/x/v2/reply/reply?pn=1&type=1&oid=413586901&mode=3&root=3074435999&type=1
3187009329,2020.07.16.18.42.19,76708689,Elser_LXR,说这么多......上 勾 拳[doge],https://api.bilibili.com/x/v2/reply/reply?pn=1&type=1&oid=413586901&mode=3&root=3074435999&type=1
3189154890,2020.07.17.04.10.29,74243092,浅影ShallowShadow,回复 @joseph-无烬 :巴蒂抬不起来血线,https://api.bilibili.com/x/v2/reply/reply?pn=1&type=1&oid=413586901&mode=3&root=3074435999&type=1
3189894391,2020.07.17.10.49.02,4259834,joseph-无烬,回复 @Shallowshadow01 :你在说什么呢，巴蒂抬血很强了。。。绝对是高奶量英雄。。抬不起来要不是巴蒂不会玩，就是队友全八百里外猝死,https://api.bilibili.com/x/v2/reply/reply?pn=1&type=1&oid=413586901&mode=3&root=3074435999&type=1
3190419640,2020.07.17.12.46.18,74243092,浅影ShallowShadow,回复 @joseph-无烬 :巴蒂如果主奶和其他奶做对比，单体右键奶量62.5/秒，爆发奶量加上s也就只有92.5/秒，s冷却还巨慢，加上大招也就最多155/秒，对比莫伊拉左键65/秒+回血dot，加球130/秒，大招加球215/秒；安娜左键87.5/秒，瓶子加左键爆发奶量高达205，激素250。你说巴蒂加和尚抬不抬得起血线，前排一个英雄在一场没有大招的团战最多吃到92.5＋30=112.5/秒的奶量，我有安娜可以压着你打，你和尚易伤对两个t也无济于事，天梯哪来这么好的集火效率。你所说的高奶量英雄，不能说明他们抬得起来血线，我是不明白是什么错觉让你感觉巴蒂抬血快，我从巴蒂刚出来就开始研究怎么玩，巴蒂的奶量动刀后，抬血线速度慢的令人发指，前排一碰动不动就要交e，奶的再多又有什么用？天使奶量还经常金牌呢，天使抬得动血线吗？,https://api.bilibili.com/x/v2/reply/reply?pn=1&type=1&oid=413586901&mode=3&root=3074435999&type=1
3190533210,2020.07.17.13.08.29,74243092,浅影ShallowShadow,回复 @joseph-无烬 :啥双保护技，在没有集火效率的情况下，你那两个奶就是铁拳砧板上的鱼肉。和尚在狗c三大恶人面前生存几率渺茫，但至少如果有个安娜还能扔个瓶子抬抬血左键点一点双奶互保一下，巴蒂呢？就你这90多一秒的奶量，离远了还不一定奶得到，s也吃不到，保不住和尚，自己被铁拳曹飞了和尚也保不住巴蒂，前排也抬不起来血线，后排没集火狗位就是乱杀。,https://api.bilibili.com/x/v2/reply/reply?pn=1&type=1&oid=413586901&mode=3&root=3074435999&type=1
3190787359,2020.07.17.14.10.09,4259834,joseph-无烬,回复 @Shallowshadow01 :现版本源氏版本不行，和尚被狗咬几乎没有反杀机会。但之前那个版本可以，和尚+巴蒂主要是打正面压制对面前排盾量，我方盾量有优势的状况下，奶量的缺陷是可以补回来的。加上巴蒂他不是单奶啊，他是群奶，群奶有这个爆发，而且不会像莫伊拉那样黄球的奶量被抢，加上保护能力优秀，输出高，已经是最好用的主奶之一了，绝对比莫伊拉好用。如果巴蒂和尚都准的话，对面盾一破前排大概率被秒，这个时候安娜也抬不起来了吧。但现版本我承认不行，源氏太强了，没锤妹等于没后排。源氏又需要激素，安娜是大势所趋。等给源氏来一刀再说吧。,https://api.bilibili.com/x/v2/reply/reply?pn=1&type=1&oid=413586901&mode=3&root=3074435999&type=1
3190823952,2020.07.17.14.19.27,4259834,joseph-无烬,回复 @Shallowshadow01 :还有，别吹铁拳了，现在铁拳就平平庸庸，老实说现在我玩和尚，和同分段铁拳能互相杀个一比一，如果队里有控有保护，那他进来杀我和尚都要找半天角度还可能一换一。而铁拳的作用就是杀我和尚。。那拿铁拳还不如拿源氏，有源氏还拿铁拳那整个队伍输出都低了还拖慢队伍节奏，不如拿个枪。,https://api.bilibili.com/x/v2/reply/reply?pn=1&type=1&oid=413586901&mode=3&root=3074435999&type=1
3190919213,2020.07.17.14.45.48,74243092,浅影ShallowShadow,回复 @joseph-无烬 :我吹啥铁拳了，铁拳切奶能力确实比其他狗位强这是事实，铁拳容易自爆也是事实，你巴蒂加和尚没控没互保能力被铁拳容易杀也是事实，我说的是巴蒂和尚这个组合很弱智，没有说铁拳怎么样，别偷换概念,https://api.bilibili.com/x/v2/reply/reply?pn=1&type=1&oid=413586901&mode=3&root=3074435999&type=1
3190970103,2020.07.17.14.56.47,74243092,浅影ShallowShadow,回复 @joseph-无烬 :况且，t的盾量只是为了接近敌人。我大锤边前压边找掩体，百分百能在盾量用完之前贴在你脸上。我把优势位置占到就行了，卖血输出加控盾，能量攒的飞起，还能给c位找到好位置输出，你家t就会因为吃不到奶一直不松盾退后挨打，因为一松盾对面的子弹就会倾泻而来，100的奶量根本扛不住。失去重要位置不说，还没能量。压制前排盾量本身就是不靠谱的一件事，你怎么能保证你家c加和尚巴蒂在我松盾找掩体的时候输出集火掉我家后排？真有这集火效率？要搞清楚没有集火的情况下，有盾没盾的区别无非是看哪个c或者和尚突然好爆发伤害让某个人暴毙，盾要是有这么重要为什么现在五百强局那么多猪加毛妹，球加毛妹？,https://api.bilibili.com/x/v2/reply/reply?pn=1&type=1&oid=413586901&mode=3&root=3074435999&type=1
3191006060,2020.07.17.15.07.09,74243092,浅影ShallowShadow,回复 @joseph-无烬 :对面盾一破前排大概率被秒，你看你这话说的，不经常玩大锤吧。大锤能不能上，火力多少的拿捏，是大锤基本功。我根本就不会给你破我盾的机会，你妄图远程poke我就卖血找掩体前进，贴你脸上给你前排造成压力。如果交战区域太过长和宽广，我就会主动找掩体缩盾，防范被秒。只要你们没有安娜的禁疗，我可以肆无忌惮地抡锤子，大不了血少就举盾往回撤，或者抡一下收一下盾，我家安娜小锤可以给我提供瓶子100＋（安娜左键87.5＋小锤e 55）*安娜瓶子50％的增益buff＋有可能顺带禁疗你家前排，你家t敢松盾吗？你那可怜的100奶量，正面爆发对我再高，还能在0.2秒内秒了带黄甲的500血？,https://api.bilibili.com/x/v2/reply/reply?pn=2&type=1&oid=413586901&mode=3&root=3074435999&type=1
3191068676,2020.07.17.15.24.57,74243092,浅影ShallowShadow,回复 @joseph-无烬 :T位从来都不怕高爆发伤害，因为在天梯环境中除了炸胡不可能在极短的时间内蒸发t位。t位一怕禁疗，禁疗就意味着废除治疗效果，前排血线可以用越盾伤害（大锤等）磨死，极其危险。二怕控制，被控的这段时间内由于举不了盾或者被限制住一个不利的位置，很容易吃大量伤害。三怕分割，分割战场（球的撞，小美的墙，dj推）把奶t隔开，作用和禁疗相同，同时分割也会完成t位失位。高爆发伤害从来就不是问题，你爆发再高高的过堡垒吗？打地平线多少人被那堡垒恶心到，但控盾控好走二楼一波，你堡垒怎么输出？这就是典型的&#34;用盾接近敌人&#34;，盾从来就不是用来慢慢poke，哪边盾碎了再肉搏，那是很无聊也很无脑的打法，只有混子才回去想这么玩。举盾的本质就是为了更好的输出，在不利位置下保护友方，走到有利位置，为队友也为自己输出。,https://api.bilibili.com/x/v2/reply/reply?pn=2&type=1&oid=413586901&mode=3&root=3074435999&type=1
3191119965,2020.07.17.15.38.23,74243092,浅影ShallowShadow,回复 @joseph-无烬 :和尚巴蒂在天梯一直都⑧是很行，原因一在于和尚的乱吃c位输出能力和t位走位意识，这个核心技能极度依赖队友集火，原因二在于抬不起血线，抬不起血线加上原因一c位集火不行，就只能挨打。玩大锤毛妹就会感觉自己难受的一比，哎呀虽然对面盾没的快，但他们找个掩体藏几秒盾又好了，他们肉搏的时候我血掉的虽然没对面快，但是一直奶不起来，我就不敢多输出，生怕对面一个禁疗瓶飞过来，毛妹也不敢随便交主副盾，只敢留着解禁疗。打着打着对面大锤一分钟一个大，谁顶得住。,https://api.bilibili.com/x/v2/reply/reply?pn=2&type=1&oid=413586901&mode=3&root=3074435999&type=1
3192306813,2020.07.17.19.37.19,4259834,joseph-无烬,"回复 @浅影ShallowShadow :不，是吃和尚的能力。和尚巴蒂在源氏没加右键伤害的时候一直能用，就是用输出压制对面盾和血量，用高爆发秒人。但这吃和尚的准度和意识，巴蒂的抬血就算削了也还是可以的，绝对能抬得起整个队伍的血线，如果有锁血的巴蒂也抬不起的血线，换安娜一样难抬，而且安娜还要考虑自保。
BV1Et4y1y7Do
这个视频就是和up同版本的和尚巴蒂，真的能打，就是靠输出压住对面，让对面血量盾量都难受，放弃拼盾用狗切奶也难，因为进场就没血。这个时候就算和尚死得多也不怕，因为和尚有换对面头。而且圣+锁血能counter对面一堆招。
BV1Et4y1y7Do
这个视频告诉你巴蒂抬血够不够，实战表明绝对够。不够那是因为队友八百里被杀。
而且你也说了，会玩的T是会控盾的，两边都会控盾的情况下，就是拼辅助差异啊。天梯水平，大锤举例，这边输出高，一松盾和尚一个e+五连，巴蒂一发头，绝对够让对面大锤残血。残血就只能重新举盾调整位置，举盾又拼不过这边盾量，那这边就可以主动一顿连招了啊。就是博弈而已，带安娜阵容有他的优势，和尚巴蒂也有他的优势。
你说的和尚巴蒂不行，那是因为遇到的T一个个都TM莽夫，卖完盾卖血，卖完血卖盾，前排不用盾就疯狂卖血，然后要求辅助抬血。我当然知道盾是为了前压，但是这么前压的吗？这么打的T的确没法玩和尚巴蒂，还有选猪+毛妹，球+毛妹的，管他是不是高分，我一律认为是弱智。",https://api.bilibili.com/x/v2/reply/reply?pn=2&type=1&oid=413586901&mode=3&root=3074435999&type=1
3194011920,2020.07.18.01.18.18,4259834,joseph-无烬,"回复 @浅影ShallowShadow :BV1dC4y1h7gE
第二个视频发错了",https://api.bilibili.com/x/v2/reply/reply?pn=2&type=1&oid=413586901&mode=3&root=3074435999&type=1
3194091805,2020.07.18.01.55.20,74243092,浅影ShallowShadow,"回复 @joseph-无烬 :吃啥和尚能力啊，你和尚打的再准，终归是加伤，加伤就吃队友输出，和尚输出再猛，也就只能当半个c打，输出不猛哪来的伤害？
我就拿数据说话，巴蒂和尚抬血绝对不够，至少在国服，100多每秒的奶量，队友不卖血都不够用，因为没有集火效率，对面可以慢慢磨死你，但是抓不住机会让别人暴毙。这点从500分到500强对比于外服都是硬伤，别扯啥外服，职业什么东西，国服有国服的玩法",https://api.bilibili.com/x/v2/reply/reply?pn=2&type=1&oid=413586901&mode=3&root=3074435999&type=1
3194106539,2020.07.18.02.02.55,74243092,浅影ShallowShadow,回复 @joseph-无烬 :我是怀疑你没认真看过我的话，集火效率这个词我重复过很多遍，其他服务器根本不存在这种问题。你巴蒂和尚为什么奶的起来，还不是自己家集火猛，让对面先手掉人。看那西格玛奥丽莎都没怎么掉血的，他们队友一露头打集火就是杀人，国服怎么做得到,https://api.bilibili.com/x/v2/reply/reply?pn=2&type=1&oid=413586901&mode=3&root=3074435999&type=1
3194111523,2020.07.18.02.04.58,74243092,浅影ShallowShadow,"回复 @joseph-无烬 :BV1KJ41157jA
这视频就看得出问题了",https://api.bilibili.com/x/v2/reply/reply?pn=2&type=1&oid=413586901&mode=3&root=3074435999&type=1
3194129135,2020.07.18.02.17.53,74243092,浅影ShallowShadow,回复 @joseph-无烬 :当集火效率高时，就会大幅减少ttk，单纯治疗的作用就会降低。所以，干脆放弃治疗，用锁血造成短暂无敌效果，去暴力输出。换言之，巴蒂根本抬不起来血线，也不用去抬血线，因为我和我的队友输出足够暴力，所以我就能在poke时要抬血线的阶段前让对面掉人。这玩意就是极度依赖队友，国服没机会给你这么玩。国服你敢不敢拿巴蒂和尚，pva看到对面选这两奶得笑死。亚服的dj强不强，国服哪个正经人玩dj啊，还不是没配合。,https://api.bilibili.com/x/v2/reply/reply?pn=2&type=1&oid=413586901&mode=3&root=3074435999&type=1
3194139186,2020.07.18.02.26.01,74243092,浅影ShallowShadow,"回复 @joseph-无烬 :球加毛妹，猪加毛妹不仅是高分段有在打，od,oc甚至owl都出现过，前段时间oc球加毛妹是热门阵容。我不知道你是在看山是山的哪一重境界，如果是第一重，那我觉得你还是没看懂你自己分享的那两个视频。巴蒂加和尚哪来的抬血快又硬，明明就是玻璃阵容，玩天闹黑卡半载的那一套，以脆为代价打暴力输出。",https://api.bilibili.com/x/v2/reply/reply?pn=2&type=1&oid=413586901&mode=3&root=3074435999&type=1
120129392352,2022.07.10.01.13.55,135037781,无定形混合物,回复 @浅影ShallowShadow :你的理论默认我方集火拉胯，而对方集火强力，这恐怕有些有失严谨了,https://api.bilibili.com/x/v2/reply/reply?pn=2&type=1&oid=413586901&mode=3&root=3074435999&type=1
120132091168,2022.07.10.01.48.51,74243092,浅影ShallowShadow,回复 @无定形混合物 :时间太长，退坑半年，不予评价。,https://api.bilibili.com/x/v2/reply/reply?pn=2&type=1&oid=413586901&mode=3&root=3074435999&type=1
4099959330,2021.02.11.01.21.24,364430419,乡村级死神,跟天使玩家说句，看死神打架时候给蓝线就行，蓝线吸血比黄线奶的快,https://api.bilibili.com/x/v2/reply?pn=1&type=1&oid=413586901&mode=3
4099889331,2021.02.11.01.04.08,364430419,乡村级死神,我觉得安娜加dj挺好的,https://api.bilibili.com/x/v2/reply?pn=1&type=1&oid=413586901&mode=3
3951862285,2021.01.15.03.42.07,3015285,-亜理-,姐姐第三期呢[星星眼]想知道dj莫伊拉还有锤妹和尚这两个组合的思路,https://api.bilibili.com/x/v2/reply?pn=1&type=1&oid=413586901&mode=3
3951891378,2021.01.15.04.25.59,4890593,阿盐是只喵,dj莫伊拉这个组合我感觉平常开局一般不可能拿诶，个人理解可能是为了摸点摸车之类的加时阶段才会换出来用了。锤妹+和尚以后应该会讲到～,https://api.bilibili.com/x/v2/reply/reply?pn=1&type=1&oid=413586901&mode=3&root=3951862285&type=1
3954523926,2021.01.15.20.06.51,3015285,-亜理-,回复 @Shioko阿盐子 :谢谢！注意休息啊！,https://api.bilibili.com/x/v2/reply/reply?pn=1&type=1&oid=413586901&mode=3&root=3951862285&type=1
4099896592,2021.02.11.01.04.31,364430419,乡村级死神,回复 @Shioko阿盐子 :之前owl经常dj加莫伊拉,https://api.bilibili.com/x/v2/reply/reply?pn=1&type=1&oid=413586901&mode=3&root=3951862285&type=1
4100020892,2021.02.11.01.37.31,4890593,阿盐是只喵,回复 @海安死神 :owl能和国服环境比吗？,https://api.bilibili.com/x/v2/reply/reply?pn=1&type=1&oid=413586901&mode=3&root=3951862285&type=1
4100088652,2021.02.11.01.59.40,364430419,乡村级死神,回复 @Shioko阿盐子 :确实，国服6个自闭症打游戏,https://api.bilibili.com/x/v2/reply/reply?pn=1&type=1&oid=413586901&mode=3&root=3951862285&type=1
3476535968,2020.09.10.16.53.13,386551904,Wheaty77,比较喜欢8d加安娜，8d在前面比较好关注局势及时给到无敌和近距离的奶弹抬血，shift的群奶作用也明显，这样子安娜直接在最后面补奶整体就很舒服，要注意的一点就是8d得定时回头看安娜，以防被切，看到了第一时间如果有卫生立场或者两个人快速集合还是非常容易保住的。（前提是队友操作正常[喜极而泣]）,https://api.bilibili.com/x/v2/reply?pn=1&type=1&oid=413586901&mode=3
3476545181,2020.09.10.16.56.17,4890593,阿盐是只喵,8d加安娜奶量充足抬血快，但资源重叠，安娜要更注意C位，能量也会慢导致激素来的慢。而且接不住跳点,https://api.bilibili.com/x/v2/reply/reply?pn=1&type=1&oid=413586901&mode=3&root=3476535968&type=1
3286107937,2020.08.04.08.46.25,175267365,努巴尼守望先峰,安娜巴蒂小锤，别的奶不用，我能背锅[doge]？,https://api.bilibili.com/x/v2/reply?pn=1&type=1&oid=413586901&mode=3
3263204769,2020.07.31.07.22.37,349207370,灰混粉,开生涯就完事辽，十分钟治疗和阵亡足够说明你是不是混子奶[阴险],https://api.bilibili.com/x/v2/reply?pn=1&type=1&oid=413586901&mode=3
3261034044,2020.07.30.20.00.29,11182133,爱玩游戏的远山金次,"路人有一个问题：
辅助单排白金，经常另一个奶单选一个天使然后我基本只能选安娜，然后对面选个猩猩一直跳后排没人保安娜天使也不还我只能换小锤，结果前排又报怨没奶，我知道锤妹天使基本没奶，所以这是我错了吗",https://api.bilibili.com/x/v2/reply?pn=1&type=1&oid=413586901&mode=3
3261074091,2020.07.30.20.07.20,4890593,阿盐是只喵,叫天使换,https://api.bilibili.com/x/v2/reply/reply?pn=1&type=1&oid=413586901&mode=3&root=3261034044&type=1
3248601871,2020.07.28.15.07.47,44683086,可惜你不是我的月亮,低分段不会垂飞的天使如何自保？飞到一堆队友之中让他们帮你吃伤害，最好是飞到满血的t旁边，躲在他旁边就对了[doge],https://api.bilibili.com/x/v2/reply?pn=1&type=1&oid=413586901&mode=3
4099905952,2021.02.11.01.06.06,364430419,乡村级死神,不是，在语音里跟源氏，铁拳，猎空，死神这种英雄说，麦克雷没闪猪没勾，锤妹没盾击安娜没针,https://api.bilibili.com/x/v2/reply/reply?pn=1&type=1&oid=413586901&mode=3&root=3248601871&type=1
3207008087,2020.07.20.18.48.00,8121670,身坚智残总裁,感觉安娜+和尚也挺好使的[保佑],https://api.bilibili.com/x/v2/reply?pn=1&type=1&oid=413586901&mode=3
3185217777,2020.07.16.11.30.14,152345678,带帽子的狐狸,辅助搭配：不要莫伊拉和天使,https://api.bilibili.com/x/v2/reply?pn=1&type=1&oid=413586901&mode=3
3460030407,2020.09.05.23.45.40,23872024,猫猫奥特曼变身中,我经常这么干【擦汗】,https://api.bilibili.com/x/v2/reply/reply?pn=1&type=1&oid=413586901&mode=3&root=3185217777&type=1
3184374150,2020.07.16.05.34.47,8812034,HuaiSer2K,关于主副奶基本上有两种结论，大部分情况下奶量多的是主奶 例如安娜巴蒂，还有一部分情况能指挥的是主奶 ，例如dj这样的，所以主副奶区分没啥意义，大家平常就按奶量高低区分就好了,https://api.bilibili.com/x/v2/reply?pn=1&type=1&oid=413586901&mode=3
3263203296,2020.07.31.07.20.18,349207370,灰混粉,国服是另外一个游戏[doge],https://api.bilibili.com/x/v2/reply/reply?pn=1&type=1&oid=413586901&mode=3&root=3184374150&type=1
3183544248,2020.07.15.22.59.48,23941530,本质咕桑,这赛季定级，5把安娜，每场最少7个激素。输了4把，我当时就玩铁拳去了[doge],https://api.bilibili.com/x/v2/reply?pn=1&type=1&oid=413586901&mode=3
3176843622,2020.07.14.16.51.03,232026647,雪薺梅香,有没有克制铁拳的，我发现没队友保哪怕选小锤都难受[捂脸],https://api.bilibili.com/x/v2/reply?pn=1&type=1&oid=413586901&mode=3
3177104348,2020.07.14.17.52.19,4890593,阿盐是只喵,打不过就加入,https://api.bilibili.com/x/v2/reply/reply?pn=1&type=1&oid=413586901&mode=3&root=3176843622&type=1
3205626631,2020.07.20.13.22.31,17222421,古特固特,你可以莫伊，听到啊～就飘到掩体或队友附近，然后你队友被锤了，被锤多了就会针对铁拳了，要是莫伊被拿了就天使DJ，也是同样的玩法,https://api.bilibili.com/x/v2/reply/reply?pn=1&type=1&oid=413586901&mode=3&root=3176843622&type=1
3171025246,2020.07.13.12.24.09,352438399,小林山津津津,支持up,https://api.bilibili.com/x/v2/reply?pn=1&type=1&oid=413586901&mode=3
3160351714,2020.07.11.07.53.27,4993403,三块半儿,Dj还是会被歧视吧,https://api.bilibili.com/x/v2/reply?pn=1&type=1&oid=413586901&mode=3
3152446651,2020.07.09.15.42.20,288620436,Fearless411,真的qq各位不要对天使抱有那么大的恶意 吐了吐了,https://api.bilibili.com/x/v2/reply?pn=1&type=1&oid=413586901&mode=3
3205644300,2020.07.20.13.27.55,17222421,古特固特,因为天使奶量低，能做的事少，再加上混分天使多，对天使没啥好感,https://api.bilibili.com/x/v2/reply/reply?pn=1&type=1&oid=413586901&mode=3&root=3152446651&type=1
3460037728,2020.09.05.23.48.46,23872024,猫猫奥特曼变身中,"回复 @灰色时刻 :我玩天使只是因为玩安娜在后面没人管，一开始玩莫伊拉又奶粉不够，稍微去吸人队友就骂，那干脆我玩天使，反正我一直在做事，奶不住就是另一说了。
结果我打个困难人机而已，他们居然骂我上分母狗？是不是不知道啥叫上分啊？",https://api.bilibili.com/x/v2/reply/reply?pn=1&type=1&oid=413586901&mode=3&root=3152446651&type=1
3150446823,2020.07.09.01.49.45,15843811,阳复十七,英雄没有优劣之分，铁拳和nt除外[doge],https://api.bilibili.com/x/v2/reply?pn=1&type=1&oid=413586901&mode=3
3146159339,2020.07.08.09.56.38,378754883,-木奉-,希望以后视频说话声音能大一点,https://api.bilibili.com/x/v2/reply?pn=1&type=1&oid=413586901&mode=3
3146065475,2020.07.08.09.23.44,294150193,r顶级罪人,奶位是分 枪辅和群辅,https://api.bilibili.com/x/v2/reply?pn=1&type=1&oid=413586901&mode=3
3136594228,2020.07.06.10.38.16,37683103,四季银杏,安娜t1，选她就完事了，剩下的让队友考虑去吧（有带盾铁拳除外）,https://api.bilibili.com/x/v2/reply?pn=1&type=1&oid=413586901&mode=3
3135966538,2020.07.06.05.35.58,491109926,改名收我六个硬币,巴蒂加安娜带个76他不香嘛？[doge],https://api.bilibili.com/x/v2/reply?pn=2&type=1&oid=413586901&mode=3
3121734042,2020.07.03.02.09.48,22054218,瑗玖,小姐姐我想看看莫姨的教学[大哭]真的很喜欢这个英雄，也自己摸索了一小段时间，但是有些地方还是不清不楚的，希望盐盐小姐姐可以讲接一下阵容！！[捂眼]视频做的超级棒棒！！！,https://api.bilibili.com/x/v2/reply?pn=2&type=1&oid=413586901&mode=3
3121761854,2020.07.03.02.27.00,4890593,阿盐是只喵,莫姨的教学有的呀，你可以去我投稿里看看哦！关于阵容方面我下期讲～,https://api.bilibili.com/x/v2/reply/reply?pn=1&type=1&oid=413586901&mode=3&root=3121734042&type=1
3122426656,2020.07.03.10.19.28,22054218,瑗玖,回复 @Shioko阿盐子 :好的好的！谢谢小姐姐！！！,https://api.bilibili.com/x/v2/reply/reply?pn=1&type=1&oid=413586901&mode=3&root=3121734042&type=1
3114184781,2020.07.01.19.38.33,2083881,canyangluanyue,低端鱼塘常年dj，其他真守不住,https://api.bilibili.com/x/v2/reply?pn=2&type=1&oid=413586901&mode=3
3113557929,2020.07.01.17.28.09,5672509,黎棠棠,说一下问题，全面那段讲搭配的时候几乎就没有画面，你随便放点什么画面或者你说的组合的英雄图片也比只有一个天使坐着要好，然后就是锤妹的e不再加护甲了ip怎么看,https://api.bilibili.com/x/v2/reply?pn=2&type=1&oid=413586901&mode=3
3113739259,2020.07.01.18.10.20,4890593,阿盐是只喵,我觉得讲知识点的时候放画面不好，根本没办法专注听，天使坐在那里是为了让画面的上面有空间放文字。文字也是随着我讲循序渐进的出现的，我认为这样的视频安排并没有什么问题呢。,https://api.bilibili.com/x/v2/reply/reply?pn=1&type=1&oid=413586901&mode=3&root=3113557929&type=1
3113750669,2020.07.01.18.11.15,4890593,阿盐是只喵,不再提供护甲那就不能提前给了，e优先给残血的队友就行了。,https://api.bilibili.com/x/v2/reply/reply?pn=1&type=1&oid=413586901&mode=3&root=3113557929&type=1
3107643364,2020.06.30.09.46.31,216990483,听花谷_,嗐，自从看了大哥的和尚，我也去玩了，然后被曹飞了,https://api.bilibili.com/x/v2/reply?pn=2&type=1&oid=413586901&mode=3
3106151191,2020.06.29.21.57.39,23938798,晓瞰,我玩奶位最怕队友掏出猪加dva，快速十个dva9个不会玩的，怎么办啊[蛆音娘_无语],https://api.bilibili.com/x/v2/reply?pn=2&type=1&oid=413586901&mode=3
3106492380,2020.06.29.23.01.31,4890593,阿盐是只喵,两个充电宝哈哈,https://api.bilibili.com/x/v2/reply/reply?pn=1&type=1&oid=413586901&mode=3&root=3106151191&type=1
3111432718,2020.07.01.02.32.22,23938798,晓瞰,回复 @Shioko阿盐子 :我永远记得两分半被平推的屈辱[蛆音娘_哭泣],https://api.bilibili.com/x/v2/reply/reply?pn=1&type=1&oid=413586901&mode=3&root=3106151191&type=1
3205706516,2020.07.20.13.40.34,17222421,古特固特,这两个对队友奶来说也是充电宝，更快出大招，然后丢C或猪身上就算了，输赢听天命吧！T秒选球猪DVA，还不听换的，要么特别会玩（百分5可能性），要么连败，与其靠C觉得不如自己C（百分95），然后不断白给送充能，对面充能比自家快，滚雪球效应，输了,https://api.bilibili.com/x/v2/reply/reply?pn=1&type=1&oid=413586901&mode=3&root=3106151191&type=1
3103716365,2020.06.29.11.26.22,1676680,琴酒意,主打安娜，但是……我特么QQ队友不要打醒激拔源啊！[捂脸]安娜和尚都勉强会玩,https://api.bilibili.com/x/v2/reply?pn=2&type=1&oid=413586901&mode=3
3099791953,2020.06.28.12.44.24,103933957,隔壁山里的老头儿,收藏一波,https://api.bilibili.com/x/v2/reply?pn=2&type=1&oid=413586901&mode=3
3099123123,2020.06.28.09.18.49,161345231,逆书静恩猫猫头,当然了，我就是个建议啦，各位可以给个自己的意见啥的,https://api.bilibili.com/x/v2/reply?pn=2&type=1&oid=413586901&mode=3
3099113010,2020.06.28.09.15.13,161345231,逆书静恩猫猫头,不过呢，我个人觉得安娜+巴蒂也是一个相当不错的阵容，可以参考一下，毕竟巴蒂在这里充当一个短距奶，而安娜充当一个副奶，考虑一下不[吃瓜],https://api.bilibili.com/x/v2/reply?pn=2&type=1&oid=413586901&mode=3
3099971926,2020.06.28.13.26.44,4890593,阿盐是只喵,安娜和巴蒂的治疗资源冲突了，因为两个其实都是比较适合奶T的而且比较偏向主奶的定位。所以安娜要被迫大部分时间奶C，激素会来的比较慢。（安娜+莫伊拉同理）,https://api.bilibili.com/x/v2/reply/reply?pn=1&type=1&oid=413586901&mode=3&root=3099113010&type=1
3100602355,2020.06.28.16.52.03,161345231,逆书静恩猫猫头,回复 @Shioko阿盐子 :有一说一确实有道理,https://api.bilibili.com/x/v2/reply/reply?pn=1&type=1&oid=413586901&mode=3&root=3099113010&type=1
3138068528,2020.07.06.16.57.52,17890274,很可以的小白,安娜加巴蒂推荐巴蒂多打伤害，安娜做主奶，巴蒂能占据的位置和视野比安娜更好，爆发相对更高，前提是枪准的话,https://api.bilibili.com/x/v2/reply/reply?pn=1&type=1&oid=413586901&mode=3&root=3099113010&type=1
3138582128,2020.07.06.18.41.47,161345231,逆书静恩猫猫头,回复 @很可以的小白 :这样的话C难办，如果是猎空百合这样的阵容自然没问题,https://api.bilibili.com/x/v2/reply/reply?pn=1&type=1&oid=413586901&mode=3&root=3099113010&type=1
3205739332,2020.07.20.13.50.08,17222421,古特固特,看阵容选吧！要是被盾隔奶线，就换能穿盾的奶，巴蒂+安娜我感觉行，因为多个队友同时受伤，巴蒂能范围群奶，两个单体奶奶人时就要取舍了,https://api.bilibili.com/x/v2/reply/reply?pn=1&type=1&oid=413586901&mode=3&root=3099113010&type=1
3099115502,2020.06.28.09.13.16,161345231,逆书静恩猫猫头,一般来说呢，安娜+锤妹不会受到法鸡太大的影响，如果说是双飞那可以起双枪，如果单飞安娜应该可以点下来，当然如果你们点不下来，推荐自己点,https://api.bilibili.com/x/v2/reply?pn=2&type=1&oid=413586901&mode=3
3099135742,2020.06.28.09.22.02,161345231,逆书静恩猫猫头,自己点=换英雄,https://api.bilibili.com/x/v2/reply/reply?pn=1&type=1&oid=413586901&mode=3&root=3099115502&type=1
3097365559,2020.06.27.20.57.46,322019461,未来world,我打排位一看队友秒锁天使心态就直接爆炸,https://api.bilibili.com/x/v2/reply?pn=2&type=1&oid=413586901&mode=3
3097427877,2020.06.27.21.11.17,4890593,阿盐是只喵,倒是没必要一开始就心态爆炸啦,https://api.bilibili.com/x/v2/reply/reply?pn=1&type=1&oid=413586901&mode=3&root=3097365559&type=1
3097882579,2020.06.27.22.39.07,322019461,未来world,回复 @Shioko阿盐子 :是那种双排一个带哥一个混子天使，天使还不怎么会[无语]天梯带妹妹[无语],https://api.bilibili.com/x/v2/reply/reply?pn=1&type=1&oid=413586901&mode=3&root=3097365559&type=1
3138054361,2020.07.06.16.54.52,17890274,很可以的小白,回复 @未来world :我单排奶也最讨厌绑定天使，所以最好的办法是进去把天使选了,https://api.bilibili.com/x/v2/reply/reply?pn=1&type=1&oid=413586901&mode=3&root=3097365559&type=1
3152445488,2020.07.09.15.41.14,288620436,Fearless411,回复 @未来world :这种不怎么会的倒是 但是个会玩的你真真没必要,https://api.bilibili.com/x/v2/reply/reply?pn=1&type=1&oid=413586901&mode=3&root=3097365559&type=1
3460019791,2020.09.05.23.45.17,23872024,猫猫奥特曼变身中,单排天使安然路过[抠鼻],https://api.bilibili.com/x/v2/reply/reply?pn=1&type=1&oid=413586901&mode=3&root=3097365559&type=1
3085427265,2020.06.25.15.05.23,13776006,古古怪怪咕咕呱呱,终于看到比较详细的奶位阵容教学了，好多奶位选手一个奶玩一整局，玩个安娜挂的远远的 被切到死都不换一个。有时候五个人选出全机动阵了 他要掏个安娜[笑哭],https://api.bilibili.com/x/v2/reply?pn=2&type=1&oid=413586901&mode=3
3085523002,2020.06.25.15.28.30,4890593,阿盐是只喵,遇到这种我一般都好言相劝，说我们没人能保ta 难受要不换一个,https://api.bilibili.com/x/v2/reply/reply?pn=1&type=1&oid=413586901&mode=3&root=3085427265&type=1
3088394995,2020.06.26.01.12.10,13776006,古古怪怪咕咕呱呱,回复 @Shioko阿盐子 :我感觉之前全分段heroban挺好的 逼玩家提高游戏理解 要不总是是那几样 大锤毛妹安娜源氏麦克雷,https://api.bilibili.com/x/v2/reply/reply?pn=1&type=1&oid=413586901&mode=3&root=3085427265&type=1
3080639663,2020.06.24.16.36.35,19429957,你个烦人,和朋友玩医疗车，天使加和尚……奶够并且杀伤大……就是队友心态容易崩，其实所有奶都能搭配，就是要会玩……,https://api.bilibili.com/x/v2/reply?pn=2&type=1&oid=413586901&mode=3
3080671125,2020.06.24.16.43.43,4890593,阿盐是只喵,是的 要会玩要配合要看阵容,https://api.bilibili.com/x/v2/reply/reply?pn=1&type=1&oid=413586901&mode=3&root=3080639663&type=1
3108188717,2020.06.30.12.34.08,3189491,吴氏小天真w,对对，在缺伤害且队友不容易猝死的情况下这个真的超级好用！！输出一下子就上去了,https://api.bilibili.com/x/v2/reply/reply?pn=1&type=1&oid=413586901&mode=3&root=3080639663&type=1
3205459013,2020.07.20.12.45.33,17222421,古特固特,然后T位看到，这点奶量，立刻换球猪自打自的，送充能白给,https://api.bilibili.com/x/v2/reply/reply?pn=1&type=1&oid=413586901&mode=3&root=3080639663&type=1
3077926935,2020.06.23.22.33.17,13723878,白猫SiroNeko,盐盐子的麦有点刺耳 [2233娘_卖萌][2233娘_卖萌],https://api.bilibili.com/x/v2/reply?pn=2&type=1&oid=413586901&mode=3
3077959491,2020.06.23.22.40.06,4890593,阿盐是只喵,我买声卡和麦克风了,https://api.bilibili.com/x/v2/reply/reply?pn=1&type=1&oid=413586901&mode=3&root=3077926935&type=1
3081768613,2020.06.24.20.36.48,13723878,白猫SiroNeko,回复 @Shioko阿盐子 :[小电视_害羞][小电视_害羞]其实还好  如果声音更舒服一点就锦上添花拉,https://api.bilibili.com/x/v2/reply/reply?pn=1&type=1&oid=413586901&mode=3&root=3077926935&type=1
3077664797,2020.06.23.21.45.33,443647763,炸胡的老徐,"啊盐逐渐教师化：让我们开始“吧”、“哦”~
为什么“呢”？",https://api.bilibili.com/x/v2/reply?pn=2&type=1&oid=413586901&mode=3
3077676898,2020.06.23.21.46.42,4890593,阿盐是只喵,？！你这么一说好像是这样诶[囧],https://api.bilibili.com/x/v2/reply/reply?pn=1&type=1&oid=413586901&mode=3&root=3077664797&type=1
3078633777,2020.06.24.01.29.45,443647763,炸胡的老徐,回复 @Shioko阿盐子 :吧  哦  呢  诶,https://api.bilibili.com/x/v2/reply/reply?pn=1&type=1&oid=413586901&mode=3&root=3077664797&type=1
3077308244,2020.06.23.20.31.29,258803280,FaiThesir,阿盐老师 go go go,https://api.bilibili.com/x/v2/reply?pn=2&type=1&oid=413586901&mode=3
3077662915,2020.06.23.21.44.32,4890593,阿盐是只喵,rua,https://api.bilibili.com/x/v2/reply/reply?pn=1&type=1&oid=413586901&mode=3&root=3077308244&type=1
3076316340,2020.06.23.16.35.42,455154414,bili_69809453611,[热词系列_爱了爱了][热词系列_三连],https://api.bilibili.com/x/v2/reply?pn=2&type=1&oid=413586901&mode=3
3075096348,2020.06.23.10.36.18,22625336,这世界不需要OW,能不能讲解一下锤妹+和尚，一直在高分局看过，但是搞不懂这组合,https://api.bilibili.com/x/v2/reply?pn=2&type=1&oid=413586901&mode=3
3075150431,2020.06.23.10.53.23,12650062,sp0re☆,放狗集火,https://api.bilibili.com/x/v2/reply/reply?pn=1&type=1&oid=413586901&mode=3&root=3075096348&type=1
3075221504,2020.06.23.11.17.15,65980286,轻言black,只要我杀的够快，队友就不需要奶,https://api.bilibili.com/x/v2/reply/reply?pn=1&type=1&oid=413586901&mode=3&root=3075096348&type=1
3075297748,2020.06.23.11.39.58,13709087,何事秋啊秋べ,就是对面放狗跳后排的话再配合上一个猪可以很好地限制,https://api.bilibili.com/x/v2/reply/reply?pn=1&type=1&oid=413586901&mode=3&root=3075096348&type=1
3075425196,2020.06.23.12.11.14,27402071,Tifa要努力变强,拿来奶长短枪或双短枪阵容，锤妹代替了原先长短枪阵容里的dj，以此达到防止对方使用双短枪克制长短枪，或是双短枪镜像对决里更占优势的目标,https://api.bilibili.com/x/v2/reply/reply?pn=1&type=1&oid=413586901&mode=3&root=3075096348&type=1
3075535314,2020.06.23.12.36.18,4890593,阿盐是只喵,收到,https://api.bilibili.com/x/v2/reply/reply?pn=1&type=1&oid=413586901&mode=3&root=3075096348&type=1
3079197932,2020.06.24.09.18.38,100971635,塔希安娜加洛琳,回复 @Tifa要努力变强 :捕捉捕捉[热词系列_大师球],https://api.bilibili.com/x/v2/reply/reply?pn=1&type=1&oid=413586901&mode=3&root=3075096348&type=1
3099115699,2020.06.28.09.13.30,161345231,逆书静恩猫猫头,杀完就好,https://api.bilibili.com/x/v2/reply/reply?pn=1&type=1&oid=413586901&mode=3&root=3075096348&type=1
3109728178,2020.06.30.19.31.34,50946524,昔我往矣-羽,一般分段慎用 因为奶量严重不足，,https://api.bilibili.com/x/v2/reply/reply?pn=1&type=1&oid=413586901&mode=3&root=3075096348&type=1
3135975382,2020.07.06.05.47.02,491109926,改名收我六个硬币,特别想知道安娜加巴蒂怎么样，这两个抬血都挺狠的，资源也都可以，还有锁血,https://api.bilibili.com/x/v2/reply/reply?pn=1&type=1&oid=413586901&mode=3&root=3075096348&type=1
3137073505,2020.07.06.12.35.43,381280823,血梨_,和尚是集火阵的关键，如果说对面也是集火阵或者放狗锤妹的主要目的是保和尚，和尚技术好的话两个奶能反杀,https://api.bilibili.com/x/v2/reply/reply?pn=1&type=1&oid=413586901&mode=3&root=3075096348&type=1
3138046504,2020.07.06.16.50.45,17890274,很可以的小白,回复 @到底要不要买菜 :安娜巴蒂的话，巴蒂要学会打伤害，安娜要做主奶，刷激素，巴蒂补关键奶，不要抢安娜的奶量，前排配合如果是地推，可以在对面大锤松盾的时候补伤害，效果极佳，如果对自己的枪有信心，打双飞也不是不行,https://api.bilibili.com/x/v2/reply/reply?pn=1&type=1&oid=413586901&mode=3&root=3075096348&type=1
3138049489,2020.07.06.16.53.04,17890274,很可以的小白,回复 @到底要不要买菜 :缺点的话无法counter激素刀，吸龙，对付那种技能运营的对位比较麻烦，还有就是接不了放狗,https://api.bilibili.com/x/v2/reply/reply?pn=1&type=1&oid=413586901&mode=3&root=3075096348&type=1
3177610343,2020.07.14.19.32.04,10789689,你是梧桐,和尚挂e锤妹控队友集火 一定要有集火交流才好打 消耗久了奶不起来,https://api.bilibili.com/x/v2/reply/reply?pn=1&type=1&oid=413586901&mode=3&root=3075096348&type=1
3205009991,2020.07.20.11.00.24,21495313,吊姬天下第一,高分局队友规避伤害的能力很强  锤妹和尚奶的住  同时锤妹可以防狗 和尚的易伤也方便集火,https://api.bilibili.com/x/v2/reply/reply?pn=1&type=1&oid=413586901&mode=3&root=3075096348&type=1
3075059408,2020.06.23.10.25.34,14827664,哈蒙德开机甲,安娜玩家？那你会玩铁拳吗[doge]，如果不会铁拳，就不是一个合格的安娜[doge][doge],https://api.bilibili.com/x/v2/reply?pn=2&type=1&oid=413586901&mode=3
3075540649,2020.06.23.12.36.47,4890593,阿盐是只喵,我会睡铁拳就够了[doge],https://api.bilibili.com/x/v2/reply/reply?pn=1&type=1&oid=413586901&mode=3&root=3075059408&type=1
3075752118,2020.06.23.13.29.29,330911421,想自律的匚小,"回复 @Shioko阿盐子 :up的安娜：上勾拳！（睡吧）铁拳睡眠质量金
我的安娜：上勾拳（我经历过更糟的挫折[doge]）我死亡金",https://api.bilibili.com/x/v2/reply/reply?pn=1&type=1&oid=413586901&mode=3&root=3075059408&type=1
3075801568,2020.06.23.13.41.43,4890593,阿盐是只喵,回复 @暴躁の煤气罐 :遇事不决换锤妹,https://api.bilibili.com/x/v2/reply/reply?pn=1&type=1&oid=413586901&mode=3&root=3075059408&type=1
3084541526,2020.06.25.11.57.53,330911421,想自律的匚小,回复 @Shioko阿盐子 :锤妹被砍了，铁拳玩家大喜,https://api.bilibili.com/x/v2/reply/reply?pn=1&type=1&oid=413586901&mode=3&root=3075059408&type=1
3188335545,2020.07.16.22.51.18,33914897,泠鸢仙人_Channel,回复 @暴躁の煤气罐 :锤妹在打铁拳的方面没被砍，甚至增强了[小电视_笑],https://api.bilibili.com/x/v2/reply/reply?pn=1&type=1&oid=413586901&mode=3&root=3075059408&type=1
3189240437,2020.07.17.06.22.57,330911421,想自律的匚小,回复 @Fuka_Offical :盾强了，但没甲包了，奶和铁拳都容易猝死了，所以我现在冲都是要个毛妹盾,https://api.bilibili.com/x/v2/reply/reply?pn=1&type=1&oid=413586901&mode=3&root=3075059408&type=1
3074911844,2020.06.23.09.25.43,183891576,北风Swinder,建议以后加上字幕，观看效果会更好,https://api.bilibili.com/x/v2/reply?pn=3&type=1&oid=413586901&mode=3
3075529606,2020.06.23.12.36.09,4890593,阿盐是只喵,"字幕一句一句的话，我这么长一个干货视频，得花再超过一倍的时间才能剪辑完。
我已经把重点内容都打在屏幕上了还不够吗",https://api.bilibili.com/x/v2/reply/reply?pn=1&type=1&oid=413586901&mode=3&root=3074911844&type=1
3074732459,2020.06.23.08.05.52,10130974,流霜月影空想月,不听不听安娜第一[doge][doge][doge],https://api.bilibili.com/x/v2/reply?pn=3&type=1&oid=413586901&mode=3
3074613193,2020.06.23.06.47.10,253939232,辻宝单推人,"我就想来看看，队友秒锁天使莫伊我玩啥？
----来自一条1300级，3000分的菜鸡",https://api.bilibili.com/x/v2/reply?pn=3&type=1&oid=413586901&mode=3
3074785307,2020.06.23.08.30.47,319692444,不存在的白蜧蜧,为什么不能玩安娜？,https://api.bilibili.com/x/v2/reply/reply?pn=1&type=1&oid=413586901&mode=3&root=3074613193&type=1
3074847068,2020.06.23.09.00.36,253939232,辻宝单推人,"回复 @无敌玩家e-a :能玩啊，只是要counter没counter,要控制没控制，就很烦",https://api.bilibili.com/x/v2/reply/reply?pn=1&type=1&oid=413586901&mode=3&root=3074613193&type=1
3075533224,2020.06.23.12.37.29,4890593,阿盐是只喵,天使莫伊拉也还行的 只要莫伊拉别乱玩…,https://api.bilibili.com/x/v2/reply/reply?pn=1&type=1&oid=413586901&mode=3&root=3074613193&type=1
3075771730,2020.06.23.13.33.16,253939232,辻宝单推人,回复 @Shioko阿盐子 :嗯，记住了,https://api.bilibili.com/x/v2/reply/reply?pn=1&type=1&oid=413586901&mode=3&root=3074613193&type=1
3074594901,2020.06.23.06.37.21,479732744,擦去风都的眼泪,唉玩奶可玩性较高的就几个，对我来说选不到这一个就选另一个了[大哭],https://api.bilibili.com/x/v2/reply?pn=3&type=1&oid=413586901&mode=3
3074597212,2020.06.23.06.29.34,179041707,KatoKei,感觉有时候还是看啥地图，比如漓江塔和伊利奥斯拿dj好点儿。,https://api.bilibili.com/x/v2/reply?pn=3&type=1&oid=413586901&mode=3
3074564459,2020.06.23.05.57.22,385119106,灾厄林克大魔王,听到上勾拳基本双手离开键盘[无语],https://api.bilibili.com/x/v2/reply?pn=3&type=1&oid=413586901&mode=3
3180485333,2020.07.15.12.01.00,313790352,Cpupil,我就喜欢在他上勾拳的时候睡他,https://api.bilibili.com/x/v2/reply/reply?pn=1&type=1&oid=413586901&mode=3&root=3074564459&type=1
3205501958,2020.07.20.12.53.40,17222421,古特固特,回复 @Cpupil :就是怕从背后搞你，正面冲来倒是不慌,https://api.bilibili.com/x/v2/reply/reply?pn=1&type=1&oid=413586901&mode=3&root=3074564459&type=1
3205859035,2020.07.20.14.21.24,313790352,Cpupil,回复 @灰色时刻 :铁拳声音真的挺大的，倒还好，基本可以反应过来,https://api.bilibili.com/x/v2/reply/reply?pn=1&type=1&oid=413586901&mode=3&root=3074564459&type=1
3074522176,2020.06.23.04.08.31,105509493,Lalala的斯特,不知道为啥我觉得鱼塘局天使+锤妹很稳，操作较nt，而且只要天使牵上锤妹基本两个都摁着左键奶就不会断,https://api.bilibili.com/x/v2/reply?pn=3&type=1&oid=413586901&mode=3
3074814922,2020.06.23.08.47.10,86476120,可怜杯酒似星辰,"因为集火效率低，分段越高，越会注意集火t或者奶。天使加小锤是奶不动t的，两个人都没有爆发奶，吃禁疗就难受。安娜和尚很重要的一件事是报禁疗和易伤的集火。
还有一种可能是你们这边tc比对面猛，能压着对面打。",https://api.bilibili.com/x/v2/reply/reply?pn=1&type=1&oid=413586901&mode=3&root=3074522176&type=1
3074948958,2020.06.23.09.43.25,74197556,地大在逃研究生,对面如果发现你们的c不咋行就会掏这个组合[无语]我之前对位过这个组合，对面敢拿这个完全就是因为我们没人切奶[无语]只有我一个莫姨给那吸天使。跟nt队友说还不听，觉得自己打前排大招刷的快自己就没错，尼玛伤害高能量快杀不掉人有个屁用[无语],https://api.bilibili.com/x/v2/reply/reply?pn=1&type=1&oid=413586901&mode=3&root=3074522176&type=1
3075548256,2020.06.23.12.40.44,4890593,阿盐是只喵,说直接点，因为安娜本来这个英雄容错率就比较低，所以在鱼塘局安娜不如天使。,https://api.bilibili.com/x/v2/reply/reply?pn=1&type=1&oid=413586901&mode=3&root=3074522176&type=1
3079656984,2020.06.24.11.57.44,328040769,心痕的回忆,回复 @Shioko阿盐子 :因为大家枪法都贼烂[笑哭],https://api.bilibili.com/x/v2/reply/reply?pn=1&type=1&oid=413586901&mode=3&root=3074522176&type=1
3205594666,2020.07.20.13.16.13,17222421,古特固特,回复 @Shioko阿盐子 :鱼塘我怕队友选天使，因为天使能做的事不多，很容易混，然后我奶人就压力大，安娜怕狗，天使很少回头看我，我拿巴蒂奶人就贼累，天使治疗量太低了，还是单体奶，莫伊奶粉根本不够，拿DJ和尚抬血也慢，T容易心态炸，然后拿出猪球DVA自打自，不管队友死活，送充能白给，锤妹削后就变治疗包了，不打人，或打不到人，给完包后就难奶了，比较看阵容,https://api.bilibili.com/x/v2/reply/reply?pn=1&type=1&oid=413586901&mode=3&root=3074522176&type=1
3074471452,2020.06.23.02.58.06,3295080,蓝屏的电脑一世,这个版本不就安娜锤妹 和尚吗 还有吗,https://api.bilibili.com/x/v2/reply?pn=3&type=1&oid=413586901&mode=3
3074473797,2020.06.23.03.05.56,4890593,阿盐是只喵,莫伊拉万金油,https://api.bilibili.com/x/v2/reply/reply?pn=1&type=1&oid=413586901&mode=3&root=3074471452&type=1
3074461729,2020.06.23.02.46.23,258992634,我的面子果实呢,赶脚 有安娜肯定选安娜。。太全能了。天使和尚低分就别想着往外掏了。奶少队友还不集火[喜极而泣],https://api.bilibili.com/x/v2/reply?pn=3&type=1&oid=413586901&mode=3
3074473749,2020.06.23.03.05.44,4890593,阿盐是只喵,是的，很多奶本来不是玩不了，是没配合才玩不了,https://api.bilibili.com/x/v2/reply/reply?pn=1&type=1&oid=413586901&mode=3&root=3074461729&type=1
3075248413,2020.06.23.11.26.37,65980286,轻言black,和尚低分可以杀完啊,https://api.bilibili.com/x/v2/reply/reply?pn=1&type=1&oid=413586901&mode=3&root=3074461729&type=1
3075252252,2020.06.23.11.26.48,65980286,轻言black,杀的够快就不需要奶,https://api.bilibili.com/x/v2/reply/reply?pn=1&type=1&oid=413586901&mode=3&root=3074461729&type=1
3075684314,2020.06.23.13.11.56,258992634,我的面子果实呢,回复 @轻言black :那你肯定不是介个分段的。。[喜极而泣],https://api.bilibili.com/x/v2/reply/reply?pn=1&type=1&oid=413586901&mode=3&root=3074461729&type=1
3074408641,2020.06.23.02.04.54,2522035,了不起的卡迪艮,来学习!,https://api.bilibili.com/x/v2/reply?pn=3&type=1&oid=413586901&mode=3
3074334250,2020.06.23.01.23.43,19835135,阳阳阳阳羊羊姐姐,阿盐阿盐，我2200分玩安娜，队友不管我怎么办，有狗位我直接暴毙，我全场猫头鹰，真的没人管我，[大哭],https://api.bilibili.com/x/v2/reply?pn=3&type=1&oid=413586901&mode=3
3074341529,2020.06.23.01.25.17,4890593,阿盐是只喵,换锤妹,https://api.bilibili.com/x/v2/reply/reply?pn=1&type=1&oid=413586901&mode=3&root=3074334250&type=1
3074355911,2020.06.23.01.31.35,19835135,阳阳阳阳羊羊姐姐,回复 @Shioko阿盐子 :我现在已经是安娜入门到锤妹了，BV1TK411p77r这个打职业的up说dj和天使一起出现，dj是主奶，视频在7分钟左右说的，我低分也不懂，就跟阿盐说一下。,https://api.bilibili.com/x/v2/reply/reply?pn=1&type=1&oid=413586901&mode=3&root=3074334250&type=1
3074384711,2020.06.23.01.51.53,4890593,阿盐是只喵,回复 @黑长直御姐都归我 :但是DJ的关键是加速哦，DJ如果只开奶的话很混子的。你可以去我第一期里面看一下评论挺多人讲到DJ的。,https://api.bilibili.com/x/v2/reply/reply?pn=1&type=1&oid=413586901&mode=3&root=3074334250&type=1
3074392762,2020.06.23.01.53.49,19835135,阳阳阳阳羊羊姐姐,回复 @Shioko阿盐子 :嗯嗯,https://api.bilibili.com/x/v2/reply/reply?pn=1&type=1&oid=413586901&mode=3&root=3074334250&type=1
3074417246,2020.06.23.02.09.30,4890593,阿盐是只喵,"回复 @黑长直御姐都归我 :我认真看完了他的视频，怎么说呢感觉DJ如果强音的使用时机到位并且和队友能够配合好的话，奶量确实很足而且是可以超过天使的。
但是目前国服环境玩DJ几乎没有配合的情况下，天使比DJ奶得多可能就比较常见了。
所以还是像我视频里所说的那样，没有绝对的主奶或副奶～根据情况而定",https://api.bilibili.com/x/v2/reply/reply?pn=1&type=1&oid=413586901&mode=3&root=3074334250&type=1
3074455502,2020.06.23.02.39.34,19835135,阳阳阳阳羊羊姐姐,回复 @Shioko阿盐子 :谢谢阿盐这么认真，老宠粉了[拥抱],https://api.bilibili.com/x/v2/reply/reply?pn=1&type=1&oid=413586901&mode=3&root=3074334250&type=1
3074454833,2020.06.23.02.46.06,4890593,阿盐是只喵,回复 @黑长直御姐都归我 :hhh早点休息,https://api.bilibili.com/x/v2/reply/reply?pn=1&type=1&oid=413586901&mode=3&root=3074334250&type=1
3074489418,2020.06.23.03.27.21,258992634,我的面子果实呢,看视频，大概了解每个地图安娜站位。练好睡针。提高枪法。玩奶上分安娜是绝对是绕不过去的，被切也是常事儿[喜极而泣]，但能活下来才是本事[滑稽],https://api.bilibili.com/x/v2/reply/reply?pn=1&type=1&oid=413586901&mode=3&root=3074334250&type=1
3074497040,2020.06.23.03.29.05,19835135,阳阳阳阳羊羊姐姐,回复 @Shioko阿盐子 :嗯嗯，阿盐也是,https://api.bilibili.com/x/v2/reply/reply?pn=1&type=1&oid=413586901&mode=3&root=3074334250&type=1
3074494705,2020.06.23.03.31.18,19835135,阳阳阳阳羊羊姐姐,回复 @雷之律者迅羽 :兄弟，我打了一星期的2200的局，分没怎么变过有输有赢的，就是感觉这环境是练不了安娜，因为队友最基本的保人意识是没有的，有一个狗位来切我，要么我死要么团战输，这就样了,https://api.bilibili.com/x/v2/reply/reply?pn=1&type=1&oid=413586901&mode=3&root=3074334250&type=1
3074506538,2020.06.23.03.39.39,258992634,我的面子果实呢,"回复 @黑长直御姐都归我 :那你现在不多练应对狗的办法。。假设你3000了 你安娜面对3000分的闪光，铁拳，黑影你咋办呢。。。还换么。。总不能永远希望另一个玩奶的会安娜吧。
站位，睡针，奶瓶。做到自己能做的就行了。",https://api.bilibili.com/x/v2/reply/reply?pn=1&type=1&oid=413586901&mode=3&root=3074334250&type=1
3074506893,2020.06.23.03.41.12,19835135,阳阳阳阳羊羊姐姐,回复 @雷之律者迅羽 :也就是说，还是继续玩安娜，做到自己的能做的？,https://api.bilibili.com/x/v2/reply/reply?pn=1&type=1&oid=413586901&mode=3&root=3074334250&type=1
3074509388,2020.06.23.03.53.28,258992634,我的面子果实呢,回复 @黑长直御姐都归我 :你早晚得练，只要你是奶位，和尚，dj你可以不太行。安娜应该是必练的。。。,https://api.bilibili.com/x/v2/reply/reply?pn=1&type=1&oid=413586901&mode=3&root=3074334250&type=1
3074520498,2020.06.23.03.59.15,19835135,阳阳阳阳羊羊姐姐,回复 @雷之律者迅羽 :为了玩好奶，那我就练吧，头铁的练也不管什么环不环境，反正什么局拿安娜准没错[OK],https://api.bilibili.com/x/v2/reply/reply?pn=1&type=1&oid=413586901&mode=3&root=3074334250&type=1
3074525980,2020.06.23.04.14.01,258992634,我的面子果实呢,"回复 @黑长直御姐都归我 :[鼓掌]加油，先练站位和枪法吧[鼓掌]好的站位和掩体就是安娜的命。枪法不谈了[喜极而泣]毕竟fps[喜极而泣]而且四种弹道[喜极而泣]，普通，开镜，睡针，瓶子[喜极而泣]不容易[喜极而泣]
能开团(禁疗)，能保人(激素，奶瓶)，能接技能(瓶，针)，能扭转战局(瓶，针，激素)，有控制(针，瓶)，还能杀人。
请珍惜每一个努力挤奶的安娜[喜极而泣]",https://api.bilibili.com/x/v2/reply/reply?pn=1&type=1&oid=413586901&mode=3&root=3074334250&type=1
3074617642,2020.06.23.06.51.52,34532903,11123123,建议找个小锤去或者找个麦克雷一块,https://api.bilibili.com/x/v2/reply/reply?pn=1&type=1&oid=413586901&mode=3&root=3074334250&type=1
3075311033,2020.06.23.11.42.39,13709087,何事秋啊秋べ,安娜锤妹我觉得是必须练的,https://api.bilibili.com/x/v2/reply/reply?pn=1&type=1&oid=413586901&mode=3&root=3074334250&type=1
3075369559,2020.06.23.11.59.46,19835135,阳阳阳阳羊羊姐姐,回复 @何事秋べ :巧了，我就在练这两个,https://api.bilibili.com/x/v2/reply/reply?pn=1&type=1&oid=413586901&mode=3&root=3074334250&type=1
3074166731,2020.06.23.00.22.38,182417232,雪落天南,英雄是没有好坏之分的，除了卤蛋，辅助一生之敌,https://api.bilibili.com/x/v2/reply?pn=3&type=1&oid=413586901&mode=3
3074226240,2020.06.23.00.39.21,4890593,阿盐是只喵,锤妹：铁拳挺可爱的啊,https://api.bilibili.com/x/v2/reply/reply?pn=1&type=1&oid=413586901&mode=3&root=3074166731&type=1
3074374814,2020.06.23.01.45.50,182417232,雪落天南,回复 @Shioko阿盐子 :铁拳：安娜也挺可爱的啊,https://api.bilibili.com/x/v2/reply/reply?pn=1&type=1&oid=413586901&mode=3&root=3074166731&type=1
3074391104,2020.06.23.01.50.46,4890593,阿盐是只喵,回复 @凌霄V0V :安娜：我的睡针也觉得铁拳挺可爱的,https://api.bilibili.com/x/v2/reply/reply?pn=1&type=1&oid=413586901&mode=3&root=3074166731&type=1
3074489658,2020.06.23.03.28.15,258992634,我的面子果实呢,锤妹安娜遍地走的时代。。铁拳真就是个弟弟[喜极而泣][喜极而泣],https://api.bilibili.com/x/v2/reply/reply?pn=1&type=1&oid=413586901&mode=3&root=3074166731&type=1
3075153532,2020.06.23.10.56.37,182417232,雪落天南,回复 @Shioko阿盐子 :睡到铁拳之后，C位悄咪咪把他近战打一下，然后我继续起飞,https://api.bilibili.com/x/v2/reply/reply?pn=1&type=1&oid=413586901&mode=3&root=3074166731&type=1
3074162088,2020.06.23.00.21.23,26898017,想名字什么的最难惹,睡前小故事,https://api.bilibili.com/x/v2/reply?pn=3&type=1&oid=413586901&mode=3
3074153379,2020.06.23.00.20.08,182417232,雪落天南,这么早,https://api.bilibili.com/x/v2/reply?pn=3&type=1&oid=413586901&mode=3
3074152679,2020.06.23.00.19.35,33037773,18岁是天堂y,阿盐b站好像有bug，我一全屏就闪退了，迷惑[热词系列_问号],https://api.bilibili.com/x/v2/reply?pn=3&type=1&oid=413586901&mode=3
3074218664,2020.06.23.00.39.33,4890593,阿盐是只喵,？？？,https://api.bilibili.com/x/v2/reply/reply?pn=1&type=1&oid=413586901&mode=3&root=3074152679&type=1
3074257887,2020.06.23.00.51.08,336452772,鲍里斯烤馒头,这会好像修好了，刚的确有，我还和客服确认了一下[笑哭]，估计是技术问题,https://api.bilibili.com/x/v2/reply/reply?pn=1&type=1&oid=413586901&mode=3&root=3074152679&type=1
3074068844,2020.06.22.23.58.39,8787860,__董大力,双排用锤妹 莫伊拉 巴蒂上到3000分   偶尔拿个天使安娜队友真的也不管你  不如靠自己,https://api.bilibili.com/x/v2/reply?pn=3&type=1&oid=413586901&mode=3
3074089003,2020.06.23.00.02.53,4890593,阿盐是只喵,[热词系列_害],https://api.bilibili.com/x/v2/reply/reply?pn=1&type=1&oid=413586901&mode=3&root=3074068844&type=1
3074724922,2020.06.23.08.03.31,768415,蓝白硬币巧克力,你看看回放是不是距离队友太远，或者掩体没找好。见过很多安娜都是阴间站位，就好似在跟对面源氏铁拳说你俩没吃饭，老娘要一挑二。,https://api.bilibili.com/x/v2/reply/reply?pn=1&type=1&oid=413586901&mode=3&root=3074068844&type=1
3075774290,2020.06.23.13.35.24,330911421,想自律的匚小,回复 @蓝白硬币巧克力 :啊对，特别是那种站得贼后面的。死了以后还问毛妹为什么不给盾（没错，内个憨憨毛妹就是我）,https://api.bilibili.com/x/v2/reply/reply?pn=1&type=1&oid=413586901&mode=3&root=3074068844&type=1
3180473884,2020.07.15.12.00.10,313790352,Cpupil,回复 @暴躁の煤气罐 :所以那么靠后的位置是怎么过来铁拳的呢,https://api.bilibili.com/x/v2/reply/reply?pn=1&type=1&oid=413586901&mode=3&root=3074068844&type=1
3180786356,2020.07.15.13.00.43,330911421,想自律的匚小,回复 @Cpupil :原来铁拳得正面冲鸭，学到了,https://api.bilibili.com/x/v2/reply/reply?pn=1&type=1&oid=413586901&mode=3&root=3074068844&type=1
3181094278,2020.07.15.14.15.51,313790352,Cpupil,回复 @暴躁の煤气罐 :绕大后？那正面根本不管？,https://api.bilibili.com/x/v2/reply/reply?pn=1&type=1&oid=413586901&mode=3&root=3074068844&type=1
3189222749,2020.07.17.06.12.37,330911421,想自律的匚小,回复 @Cpupil :哈哈哈哈哈哈一会说正面打不了一会又说得管正面hhhhh,https://api.bilibili.com/x/v2/reply/reply?pn=1&type=1&oid=413586901&mode=3&root=3074068844&type=1
3189224162,2020.07.17.06.18.08,330911421,想自律的匚小,回复 @Cpupil :我低端2000局的宝宝鱼苗，也经常看屁娃，有时候和前排一起打，有时候切奶切c啥的……,https://api.bilibili.com/x/v2/reply/reply?pn=1&type=1&oid=413586901&mode=3&root=3074068844&type=1
3189229517,2020.07.17.06.19.50,330911421,想自律的匚小,回复 @Cpupil :我就感觉狗就是切奶切c用得，看见t压力大点才打一下正面,https://api.bilibili.com/x/v2/reply/reply?pn=1&type=1&oid=413586901&mode=3&root=3074068844&type=1
3190270460,2020.07.17.12.13.45,313790352,Cpupil,回复 @暴躁の煤气罐 :那我打法可能不一样，我玩源不怎么绕后，基本去侧面高台，就骚扰，最喜欢在大锤的后脑勺镖他,https://api.bilibili.com/x/v2/reply/reply?pn=1&type=1&oid=413586901&mode=3&root=3074068844&type=1
3190271537,2020.07.17.12.14.22,313790352,Cpupil,回复 @暴躁の煤气罐 :这个时候对面大锤肯定会说：你们看看那个源氏啊，一直镖我，好烦哎,https://api.bilibili.com/x/v2/reply/reply?pn=1&type=1&oid=413586901&mode=3&root=3074068844&type=1
3190268659,2020.07.17.12.14.50,313790352,Cpupil,回复 @暴躁の煤气罐 :然后我再骚扰别人，哎对面成功内讧,https://api.bilibili.com/x/v2/reply/reply?pn=1&type=1&oid=413586901&mode=3&root=3074068844&type=1
3197750474,2020.07.18.20.43.06,330911421,想自律的匚小,回复 @Cpupil :守   望   先   锋   诸   葛   亮,https://api.bilibili.com/x/v2/reply/reply?pn=1&type=1&oid=413586901&mode=3&root=3074068844&type=1
3074072322,2020.06.22.23.58.10,336452772,鲍里斯烤馒头,先连后看，已成习惯[tv_doge][热词系列_三连][热词系列_吹爆],https://api.bilibili.com/x/v2/reply?pn=3&type=1&oid=413586901&mode=3
3074102067,2020.06.23.00.05.12,4890593,阿盐是只喵,真棒,https://api.bilibili.com/x/v2/reply/reply?pn=1&type=1&oid=413586901&mode=3&root=3074072322&type=1
3074067890,2020.06.22.23.57.58,46466222,䡩䳝歠,[热词系列_三连]安排上了[呲牙],https://api.bilibili.com/x/v2/reply?pn=3&type=1&oid=413586901&mode=3
3074068488,2020.06.22.23.58.24,46466222,䡩䳝歠,这粉丝牌感觉贼体面,https://api.bilibili.com/x/v2/reply/reply?pn=1&type=1&oid=413586901&mode=3&root=3074067890&type=1
3074495175,2020.06.23.03.21.03,4890593,阿盐是只喵,回复 @六角工作室-猴王 :hhhh[热词系列_爱了爱了],https://api.bilibili.com/x/v2/reply/reply?pn=1&type=1&oid=413586901&mode=3&root=3074067890&type=1
3074062267,2020.06.22.23.56.49,5465071,水神拖尔,辛苦啦,https://api.bilibili.com/x/v2/reply?pn=3&type=1&oid=413586901&mode=3
3074062749,2020.06.22.23.57.09,4890593,阿盐是只喵,hhh没事～,https://api.bilibili.com/x/v2/reply/reply?pn=1&type=1&oid=413586901&mode=3&root=3074062267&type=1
3074066166,2020.06.22.23.56.40,4890593,阿盐是只喵,第一期https://b23.tv/unWfxV,https://api.bilibili.com/x/v2/reply?pn=4&type=1&oid=413586901&mode=3
3074048333,2020.06.22.23.54.14,434282842,好想吃火锅宽粉,[热词系列_三连][热词系列_爱了爱了],https://api.bilibili.com/x/v2/reply?pn=4&type=1&oid=413586901&mode=3
3074067014,2020.06.22.23.57.18,4890593,阿盐是只喵,[热词系列_三连],https://api.bilibili.com/x/v2/reply/reply?pn=1&type=1&oid=413586901&mode=3&root=3074048333&type=1
3074052354,2020.06.22.23.53.56,33881084,DevilEon_,我把我三连给你交了,https://api.bilibili.com/x/v2/reply?pn=4&type=1&oid=413586901&mode=3
3074066636,2020.06.22.23.57.01,4890593,阿盐是只喵,好滴！,https://api.bilibili.com/x/v2/reply/reply?pn=1&type=1&oid=413586901&mode=3&root=3074052354&type=1
3074051923,2020.06.22.23.53.38,194521169,阿斯塔塔塔_,[打call],https://api.bilibili.com/x/v2/reply?pn=4&type=1&oid=413586901&mode=3
3074066706,2020.06.22.23.57.04,4890593,阿盐是只喵,[干杯],https://api.bilibili.com/x/v2/reply/reply?pn=1&type=1&oid=413586901&mode=3&root=3074051923&type=1
3074029766,2020.06.22.23.49.40,353387648,美特拉03,学到了！这就去和铁拳对线,https://api.bilibili.com/x/v2/reply?pn=4&type=1&oid=413586901&mode=3
3074051847,2020.06.22.23.53.34,4890593,阿盐是只喵,冲,https://api.bilibili.com/x/v2/reply/reply?pn=1&type=1&oid=413586901&mode=3&root=3074029766&type=1
3077477662,2020.06.23.21.07.20,4491629,崽仔宰呱,铁拳我天使都当溜小狗玩的哈哈哈,https://api.bilibili.com/x/v2/reply/reply?pn=1&type=1&oid=413586901&mode=3&root=3074029766&type=1
3074035705,2020.06.22.23.49.18,358321059,御坂303号,前排！这个系列确实对奶位萌新很有帮助！支持up,https://api.bilibili.com/x/v2/reply?pn=4&type=1&oid=413586901&mode=3
3074544914,2020.06.23.05.14.23,319553798,LEAVE_Noob,如果真的是萌新我建议把这个位置叫辅助而不是奶，不然会有一种「辅助的任务就是治疗」的潜在认识（当然缺治疗问题会更严重），因为辅助能做的事情其实很多，如何发挥自己更多的价值是每个人游戏进阶路上最重要的议题。[小电视_赞]（我好唠叨啊hh）,https://api.bilibili.com/x/v2/reply/reply?pn=1&type=1&oid=413586901&mode=3&root=3074035705&type=1
3075173141,2020.06.23.11.04.10,358321059,御坂303号,回复 @LEAVE_Noob :是真的新手[喜极而泣]，这么说确实很对，感谢大佬[喜极而泣],https://api.bilibili.com/x/v2/reply/reply?pn=1&type=1&oid=413586901&mode=3&root=3074035705&type=1
3103351102,2020.06.29.09.08.04,49891341,老聪明蛋了,新手玩c熟悉游戏 t和奶都比较意识,https://api.bilibili.com/x/v2/reply/reply?pn=1&type=1&oid=413586901&mode=3&root=3074035705&type=1
3191652867,2020.07.17.17.39.50,91812596,小峰不会遇到千鹤学姐,那么问题来了，这个游戏应该都没有萌新了吧,https://api.bilibili.com/x/v2/reply/reply?pn=1&type=1&oid=413586901&mode=3&root=3074035705&type=1
3074021157,2020.06.22.23.46.23,14700069,萝卜泡泡丶,[OK],https://api.bilibili.com/x/v2/reply?pn=4&type=1&oid=413586901&mode=3
3074036228,2020.06.22.23.49.36,4890593,阿盐是只喵,👌🏻,https://api.bilibili.com/x/v2/reply/reply?pn=1&type=1&oid=413586901&mode=3&root=3074021157&type=1
3073988508,2020.06.22.23.40.52,6733766,小殇丶D,[热词系列_爱了爱了][热词系列_三连][热词系列_可以],https://api.bilibili.com/x/v2/reply?pn=4&type=1&oid=413586901&mode=3
3074036069,2020.06.22.23.49.31,4890593,阿盐是只喵,[干杯],https://api.bilibili.com/x/v2/reply/reply?pn=1&type=1&oid=413586901&mode=3&root=3073988508&type=1
3073963255,2020.06.22.23.35.25,24005568,Thomas·ymq,第一！,https://api.bilibili.com/x/v2/reply?pn=4&type=1&oid=413586901&mode=3
3074029866,2020.06.22.23.49.44,4890593,阿盐是只喵,棒棒！,https://api.bilibili.com/x/v2/reply/reply?pn=1&type=1&oid=413586901&mode=3&root=3073963255&type=1
