129288221712,2022.09.08.21.56.41,4890593,阿盐是只喵,好尴尬！有好心的小伙伴提醒我才注意到我把HPMA都念成了HPAM[笑哭][笑哭][笑哭]真的是嘴瓢（听我解释！）大家别介意555,https://api.bilibili.com/x/v2/reply/main?jsonp=jsonp&type=1&oid=857780540&mode=3
130368873728,2022.09.17.11.43.58,516218758,纸航jun,唉，坚持一年属实不易，特别是只玩多比[捂脸]，坚持不退罢,https://api.bilibili.com/x/v2/reply?pn=1&type=1&oid=857780540&mode=3
129395666896,2022.09.09.18.43.46,28847729,并不真实存在,投币,https://api.bilibili.com/x/v2/reply?pn=1&type=1&oid=857780540&mode=3
129277787040,2022.09.08.20.38.35,1551407903,明篝_,三连了！！！[给心心][打call],https://api.bilibili.com/x/v2/reply?pn=1&type=1&oid=857780540&mode=3
129280449152,2022.09.08.20.58.53,4890593,阿盐是只喵,谢谢思明！,https://api.bilibili.com/x/v2/reply/reply?pn=1&type=1&oid=857780540&mode=3&root=129277787040&type=1
129259259296,2022.09.08.18.10.21,1666741095,睡懒觉的唐之梦,QAQ感动阿盐，人也特别好一个[大哭],https://api.bilibili.com/x/v2/reply?pn=1&type=1&oid=857780540&mode=3
129256152624,2022.09.08.17.44.06,83584510,抖抖o3o,爱 美女舍友 爱[大笑][爱心][胜利],https://api.bilibili.com/x/v2/reply?pn=1&type=1&oid=857780540&mode=3
129276598208,2022.09.08.20.29.06,4890593,阿盐是只喵,啾咪,https://api.bilibili.com/x/v2/reply/reply?pn=1&type=1&oid=857780540&mode=3&root=129256152624&type=1
129256189456,2022.09.08.17.43.35,1170419094,黔浅嘿嘿嘿,[原神_哇][原神_哇][原神_哇]满满回忆啊,https://api.bilibili.com/x/v2/reply?pn=1&type=1&oid=857780540&mode=3
129276607248,2022.09.08.20.29.20,4890593,阿盐是只喵,还会有摩多摩多~,https://api.bilibili.com/x/v2/reply/reply?pn=1&type=1&oid=857780540&mode=3&root=129256189456&type=1
129250338128,2022.09.08.16.45.27,415778962,超自然地心卷,"把我的心从嘴里逃出来给阿盐
[哈欠]→[抓狂]→[给心心]
♥",https://api.bilibili.com/x/v2/reply?pn=1&type=1&oid=857780540&mode=3
129250358656,2022.09.08.16.46.08,4890593,阿盐是只喵,挺可爱的，赞了,https://api.bilibili.com/x/v2/reply/reply?pn=1&type=1&oid=857780540&mode=3&root=129250338128&type=1
129242470224,2022.09.08.15.19.43,101286431,你装饰了我的梦境z,能认识阿盐老婆真好～,https://api.bilibili.com/x/v2/reply?pn=1&type=1&oid=857780540&mode=3
129242835984,2022.09.08.15.21.54,4890593,阿盐是只喵,爱你老婆,https://api.bilibili.com/x/v2/reply/reply?pn=1&type=1&oid=857780540&mode=3&root=129242470224&type=1
129242188208,2022.09.08.15.15.35,101286431,你装饰了我的梦境z,[汤圆][汤圆][汤圆],https://api.bilibili.com/x/v2/reply?pn=1&type=1&oid=857780540&mode=3
129226966832,2022.09.08.12.42.28,478056299,大炒饭和他的巨怪们,[白神遥_豹笑][白神遥_点赞],https://api.bilibili.com/x/v2/reply?pn=1&type=1&oid=857780540&mode=3
129241433216,2022.09.08.15.06.30,4890593,阿盐是只喵,[给心心],https://api.bilibili.com/x/v2/reply/reply?pn=1&type=1&oid=857780540&mode=3&root=129226966832&type=1
129225980480,2022.09.08.12.36.06,3721898,纯路人老阿姐,还记得第一次见面是对手[脱单doge]这游戏充满了缘分,https://api.bilibili.com/x/v2/reply?pn=1&type=1&oid=857780540&mode=3
129241438848,2022.09.08.15.06.41,4890593,阿盐是只喵,哈哈哈真的是缘分妙不可言,https://api.bilibili.com/x/v2/reply/reply?pn=1&type=1&oid=857780540&mode=3&root=129225980480&type=1
129225576304,2022.09.08.12.32.23,3721898,纯路人老阿姐,差一天一年了[脱单doge],https://api.bilibili.com/x/v2/reply?pn=1&type=1&oid=857780540&mode=3
129245640880,2022.09.08.15.54.16,4890593,阿盐是只喵,好耶,https://api.bilibili.com/x/v2/reply/reply?pn=1&type=1&oid=857780540&mode=3&root=129225576304&type=1
129225217952,2022.09.08.12.29.33,424481491,路过的汤小圆,相信魔法，它就存在。,https://api.bilibili.com/x/v2/reply?pn=1&type=1&oid=857780540&mode=3
129600911056,2022.09.11.04.06.38,695873269,CAPOOOOO-,你好像人机,https://api.bilibili.com/x/v2/reply/reply?pn=1&type=1&oid=857780540&mode=3&root=129225217952&type=1
130577467216,2022.09.18.23.08.09,4890593,阿盐是只喵,回复 @CAPOOOOO- :人机能给我上舰长是吧？,https://api.bilibili.com/x/v2/reply/reply?pn=1&type=1&oid=857780540&mode=3&root=129225217952&type=1
132153984896,2022.10.02.18.22.25,695873269,CAPOOOOO-,回复 @阿盐是只喵 :开玩笑的姐。。。,https://api.bilibili.com/x/v2/reply/reply?pn=1&type=1&oid=857780540&mode=3&root=129225217952&type=1
132155195104,2022.10.02.18.31.51,4890593,阿盐是只喵,回复 @CAPOOOOO- :[喜极而泣][喜极而泣][喜极而泣],https://api.bilibili.com/x/v2/reply/reply?pn=1&type=1&oid=857780540&mode=3&root=129225217952&type=1
129224681440,2022.09.08.12.25.59,34674897,是可爱的猫猫吖,币了币了，祝阿盐以后不会遇到厉火，蛇[给心心],https://api.bilibili.com/x/v2/reply?pn=1&type=1&oid=857780540&mode=3
129241357520,2022.09.08.15.06.25,4890593,阿盐是只喵,好祝福,https://api.bilibili.com/x/v2/reply/reply?pn=1&type=1&oid=857780540&mode=3&root=129224681440&type=1
129219259536,2022.09.08.11.40.32,299544135,源稚生b,[保卫萝卜_哇],https://api.bilibili.com/x/v2/reply?pn=1&type=1&oid=857780540&mode=3
