4772662387,2021.06.22.15.47.16,385018418,安兹-霍去病,哈哈就看这种沙雕车，三连搞上[doge],https://api.bilibili.com/x/v2/reply?pn=1&type=1&oid=418575367&mode=3
4772664235,2021.06.22.15.48.37,4890593,阿盐是只喵,哈哈哈哈哈,https://api.bilibili.com/x/v2/reply/reply?pn=1&type=1&oid=418575367&mode=3&root=4772662387&type=1
4724579731,2021.06.14.09.28.54,86804126,邦德i,我和朋友整过四个毛妹[doge],https://api.bilibili.com/x/v2/reply?pn=1&type=1&oid=418575367&mode=3
4726149914,2021.06.14.14.08.48,4890593,阿盐是只喵,可怕[doge],https://api.bilibili.com/x/v2/reply/reply?pn=1&type=1&oid=418575367&mode=3&root=4724579731&type=1
4732581275,2021.06.15.16.58.42,501944539,渚薰无人驾驶,随意开火吧[妙啊][妙啊],https://api.bilibili.com/x/v2/reply/reply?pn=1&type=1&oid=418575367&mode=3&root=4724579731&type=1
4711914274,2021.06.12.01.56.02,391064659,从零开始的李怀思,看看,https://api.bilibili.com/x/v2/reply?pn=1&type=1&oid=418575367&mode=3
4711931194,2021.06.12.02.02.41,4890593,阿盐是只喵,笑了吗[doge],https://api.bilibili.com/x/v2/reply/reply?pn=1&type=1&oid=418575367&mode=3&root=4711914274&type=1
4711936073,2021.06.12.02.03.37,391064659,从零开始的李怀思,回复 @Shioko阿盐子 :好欢乐[OK],https://api.bilibili.com/x/v2/reply/reply?pn=1&type=1&oid=418575367&mode=3&root=4711914274&type=1
4708474052,2021.06.11.14.39.03,313518031,清霧繞山河,妈妈太笨了 但也不一定[doge],https://api.bilibili.com/x/v2/reply?pn=1&type=1&oid=418575367&mode=3
4708534111,2021.06.11.14.55.07,4890593,阿盐是只喵,竟然敢骂妈妈！坏大儿,https://api.bilibili.com/x/v2/reply/reply?pn=1&type=1&oid=418575367&mode=3&root=4708474052&type=1
4708136704,2021.06.11.13.17.02,65790165,Twilight无痕,三个毛妹也太可怕了[doge],https://api.bilibili.com/x/v2/reply?pn=1&type=1&oid=418575367&mode=3
4708221432,2021.06.11.13.34.05,4890593,阿盐是只喵,[疼]危,https://api.bilibili.com/x/v2/reply/reply?pn=1&type=1&oid=418575367&mode=3&root=4708136704&type=1
4707907601,2021.06.11.12.33.58,442445964,元气满满的阿火,[热词系列_知识增加][热词系列_知识增加][热词系列_知识增加],https://api.bilibili.com/x/v2/reply?pn=1&type=1&oid=418575367&mode=3
4707975199,2021.06.11.12.45.14,4890593,阿盐是只喵,[脱单doge][脱单doge][脱单doge],https://api.bilibili.com/x/v2/reply/reply?pn=1&type=1&oid=418575367&mode=3&root=4707907601&type=1
4707186665,2021.06.11.09.44.45,39745934,白给使人进步,小叼落[喜极而泣],https://api.bilibili.com/x/v2/reply?pn=1&type=1&oid=418575367&mode=3
4707964582,2021.06.11.12.44.54,4890593,阿盐是只喵,哈哈哈哈哈哈哈哈,https://api.bilibili.com/x/v2/reply/reply?pn=1&type=1&oid=418575367&mode=3&root=4707186665&type=1
4707167442,2021.06.11.09.41.05,90921247,今天吃点啥nbb,小什么落？,https://api.bilibili.com/x/v2/reply?pn=1&type=1&oid=418575367&mode=3
4707980398,2021.06.11.12.45.49,4890593,阿盐是只喵,不知道你在说啥[傲娇],https://api.bilibili.com/x/v2/reply/reply?pn=1&type=1&oid=418575367&mode=3&root=4707167442&type=1
4707161912,2021.06.11.09.37.55,41904692,单推盐盐喵的头号迷弟,[热词系列_爱了爱了][热词系列_三连],https://api.bilibili.com/x/v2/reply?pn=1&type=1&oid=418575367&mode=3
4707968531,2021.06.11.12.44.49,4890593,阿盐是只喵,锄禾来得好早～,https://api.bilibili.com/x/v2/reply/reply?pn=1&type=1&oid=418575367&mode=3&root=4707161912&type=1
4707077752,2021.06.11.09.15.00,6733766,小殇丶D,[热词系列_三连],https://api.bilibili.com/x/v2/reply?pn=1&type=1&oid=418575367&mode=3
4707126940,2021.06.11.09.27.46,4890593,阿盐是只喵,[惊喜][给心心],https://api.bilibili.com/x/v2/reply/reply?pn=1&type=1&oid=418575367&mode=3&root=4707077752&type=1
4706902271,2021.06.11.08.14.10,53712527,马山芋的蓝T恤,hhhh，笑死我了,https://api.bilibili.com/x/v2/reply?pn=1&type=1&oid=418575367&mode=3
4707126771,2021.06.11.09.27.37,4890593,阿盐是只喵,23333,https://api.bilibili.com/x/v2/reply/reply?pn=1&type=1&oid=418575367&mode=3&root=4706902271&type=1
