3187383940,2020.07.16.19.53.38,403568514,林克哒,三连是什么东西嘞 [热词系列_知识增加],https://api.bilibili.com/x/v2/reply?pn=1&type=1&oid=925785829&mode=3
3187611628,2020.07.16.20.38.25,4890593,阿盐是只喵,[热词系列_三连]长按点赞，你就知道2333,https://api.bilibili.com/x/v2/reply/reply?pn=1&type=1&oid=925785829&mode=3&root=3187383940&type=1
3188797083,2020.07.17.00.28.30,403568514,林克哒,回复 @Shioko阿盐子 :好的 哈哈哈,https://api.bilibili.com/x/v2/reply/reply?pn=1&type=1&oid=925785829&mode=3&root=3187383940&type=1
3057020413,2020.06.19.11.30.17,13874151,阿烨不需要补钙,[支持][doge][支持][支持],https://api.bilibili.com/x/v2/reply?pn=1&type=1&oid=925785829&mode=3
3040827886,2020.06.15.13.14.41,397391608,北斗殇蚀,[doge],https://api.bilibili.com/x/v2/reply?pn=1&type=1&oid=925785829&mode=3
3037851912,2020.06.14.18.58.14,28274998,森林の熊在跳舞,"那个变身铁拳我一下子想到了：
我终究变成了我最讨厌的人[doge]",https://api.bilibili.com/x/v2/reply?pn=1&type=1&oid=925785829&mode=3
3037931970,2020.06.14.19.15.29,4890593,阿盐是只喵,哈哈哈哈哈哈是真的不会玩,https://api.bilibili.com/x/v2/reply/reply?pn=1&type=1&oid=925785829&mode=3&root=3037851912&type=1
3035589819,2020.06.14.10.21.54,488136459,殺貓,阿婆猪，首页通知书。,https://api.bilibili.com/x/v2/reply?pn=1&type=1&oid=925785829&mode=3
3036467264,2020.06.14.13.34.36,4890593,阿盐是只喵,哇哦,https://api.bilibili.com/x/v2/reply/reply?pn=1&type=1&oid=925785829&mode=3&root=3035589819&type=1
3031938550,2020.06.13.15.46.35,313994098,cheese小猪仔,茂茂的广谱,https://api.bilibili.com/x/v2/reply?pn=1&type=1&oid=925785829&mode=3
3032764406,2020.06.13.18.57.28,4890593,阿盐是只喵,哈哈哈哈哈啊哈是的了,https://api.bilibili.com/x/v2/reply/reply?pn=1&type=1&oid=925785829&mode=3&root=3031938550&type=1
3084713230,2020.06.25.12.32.07,313994098,cheese小猪仔,回复 @Shioko阿盐子 :hhh打游戏的时候我也会飚广谱hhhh，急了急了,https://api.bilibili.com/x/v2/reply/reply?pn=1&type=1&oid=925785829&mode=3&root=3031938550&type=1
2994950156,2020.06.05.08.06.33,35838430,GASTBYsama,为所欲为、异灵术[doge],https://api.bilibili.com/x/v2/reply?pn=1&type=1&oid=925785829&mode=3
2995989498,2020.06.05.13.41.42,33037773,18岁是天堂y,铲车人，集合,https://api.bilibili.com/x/v2/reply/reply?pn=1&type=1&oid=925785829&mode=3&root=2994950156&type=1
2976093221,2020.05.31.21.35.36,406054085,Lane双,盖楼,https://api.bilibili.com/x/v2/reply?pn=1&type=1&oid=925785829&mode=3
2967882071,2020.05.30.12.17.08,22549841,成年人崩溃守则,好家伙 啊盐的铁拳直接在我嘴里种水稻[热词系列_有内味了],https://api.bilibili.com/x/v2/reply?pn=1&type=1&oid=925785829&mode=3
2968413471,2020.05.30.14.03.51,4890593,阿盐是只喵,[热词系列_害],https://api.bilibili.com/x/v2/reply/reply?pn=1&type=1&oid=925785829&mode=3&root=2967882071&type=1
2946998194,2020.05.25.19.38.35,39390616,戒驕戒燥,那个e到铁拳大里属实往我肚子里种水稻[doge],https://api.bilibili.com/x/v2/reply?pn=1&type=1&oid=925785829&mode=3
2947018425,2020.05.25.19.43.07,4890593,阿盐是只喵,往肚子里种水稻是什么比喻哈哈哈哈哈,https://api.bilibili.com/x/v2/reply/reply?pn=1&type=1&oid=925785829&mode=3&root=2946998194&type=1
2955719705,2020.05.27.19.40.54,39390616,戒驕戒燥,回复 @Shioko阿盐子 :下饭[doge],https://api.bilibili.com/x/v2/reply/reply?pn=1&type=1&oid=925785829&mode=3&root=2946998194&type=1
2955773275,2020.05.27.19.49.53,4890593,阿盐是只喵,回复 @瓜三岁你小祖宗啊 :会说话多说点,https://api.bilibili.com/x/v2/reply/reply?pn=1&type=1&oid=925785829&mode=3&root=2946998194&type=1
2945915091,2020.05.25.15.11.24,3574010,SaDaKo_贞子,冲！,https://api.bilibili.com/x/v2/reply?pn=1&type=1&oid=925785829&mode=3
2945944987,2020.05.25.15.25.29,4890593,阿盐是只喵,rua,https://api.bilibili.com/x/v2/reply/reply?pn=1&type=1&oid=925785829&mode=3&root=2945915091&type=1
2944439720,2020.05.25.06.39.34,8607378,杨梅烧酒醉虾,啊啊啊，颜值和实力俱强的阿盐老师终于更新了[星星眼],https://api.bilibili.com/x/v2/reply?pn=1&type=1&oid=925785829&mode=3
2945865157,2020.05.25.14.55.25,4890593,阿盐是只喵,哈哈哈哈好会讲话,https://api.bilibili.com/x/v2/reply/reply?pn=1&type=1&oid=925785829&mode=3&root=2944439720&type=1
2944360914,2020.05.25.04.01.17,3974131,小粉L1tPk,👍🏻这个可以的嗷,https://api.bilibili.com/x/v2/reply?pn=1&type=1&oid=925785829&mode=3
2944364636,2020.05.25.04.23.05,4890593,阿盐是只喵,hhhh够搞笑吗,https://api.bilibili.com/x/v2/reply/reply?pn=1&type=1&oid=925785829&mode=3&root=2944360914&type=1
2944003095,2020.05.25.00.24.25,6733766,小殇丶D,[tv_目瞪口呆],https://api.bilibili.com/x/v2/reply?pn=1&type=1&oid=925785829&mode=3
2943719907,2020.05.24.23.21.23,33952555,香喷喷香喷喷,"盐宝三连是怎么回事呢？盐宝相信大家都很熟悉，但是盐宝三连是怎么回事呢，下面就让小编带大家一起了解吧。
　　盐宝三连，其实就是需要反向三连，大家可能会很惊讶盐宝怎么会三连呢？但事实就是这样，小编也感到非常惊讶。
　　这就是关于盐宝三连的事情了，大家有什么想法呢，欢迎在评论区告诉小编一起讨论哦！",https://api.bilibili.com/x/v2/reply?pn=1&type=1&oid=925785829&mode=3
2943769524,2020.05.24.23.31.11,14441831,爱熬夜的虾丸,老营销号了[tv_doge],https://api.bilibili.com/x/v2/reply/reply?pn=1&type=1&oid=925785829&mode=3&root=2943719907&type=1
2943774771,2020.05.24.23.32.23,4890593,阿盐是只喵,香宝又欺负人了,https://api.bilibili.com/x/v2/reply/reply?pn=1&type=1&oid=925785829&mode=3&root=2943719907&type=1
2956750772,2020.05.27.22.58.08,82563348,Sheik丶,我就比较不喜欢这个梗，特别是当它泛滥时候,https://api.bilibili.com/x/v2/reply/reply?pn=1&type=1&oid=925785829&mode=3&root=2943719907&type=1
2943722726,2020.05.24.23.20.24,33037773,18岁是天堂y,up主多搞点这个，硬币大大滴有,https://api.bilibili.com/x/v2/reply?pn=1&type=1&oid=925785829&mode=3
2943774607,2020.05.24.23.32.16,4890593,阿盐是只喵,好的为宝,https://api.bilibili.com/x/v2/reply/reply?pn=1&type=1&oid=925785829&mode=3&root=2943722726&type=1
