135270763840,2022.10.28.12.23.24,1785157702,午夜自律的羊,我喜欢半法术，半铺场[抠鼻],https://api.bilibili.com/x/v2/reply?pn=1&type=1&oid=646918391&mode=3
134997540064,2022.10.26.01.56.15,316968146,拥抱山丘溪流跟风唱起歌,这个是有电脑版吗,https://api.bilibili.com/x/v2/reply?pn=1&type=1&oid=646918391&mode=3
135001237424,2022.10.26.04.14.36,4890593,阿盐是只喵,模拟器,https://api.bilibili.com/x/v2/reply/reply?pn=1&type=1&oid=646918391&mode=3&root=134997540064&type=1
134937095440,2022.10.25.17.17.57,208195113,我的小马名字叫pony,对于我这玩哈利的来说，弗立维远不及多比恶心，真恶心,https://api.bilibili.com/x/v2/reply?pn=1&type=1&oid=646918391&mode=3
134928954288,2022.10.25.15.56.23,28967280,中二颜文字,哈哈哈哈哈哈第一个坏女人,https://api.bilibili.com/x/v2/reply?pn=1&type=1&oid=646918391&mode=3
134929741056,2022.10.25.16.04.54,4890593,阿盐是只喵,太坏惹,https://api.bilibili.com/x/v2/reply/reply?pn=1&type=1&oid=646918391&mode=3&root=134928954288&type=1
134915943168,2022.10.25.13.29.39,1387239055,德意志骷髅师成员,没玩过女号，感觉女号念咒语的声音比男号好听，第一开始还以为是作者自己配的。,https://api.bilibili.com/x/v2/reply?pn=1&type=1&oid=646918391&mode=3
134919495024,2022.10.25.14.08.09,1083038154,帕比喵,难道不是吗(⊙o⊙)！,https://api.bilibili.com/x/v2/reply/reply?pn=1&type=1&oid=646918391&mode=3&root=134915943168&type=1
134922261264,2022.10.25.14.39.18,1387239055,德意志骷髅师成员,回复 @帕比喵 :[热词系列_知识增加],https://api.bilibili.com/x/v2/reply/reply?pn=1&type=1&oid=646918391&mode=3&root=134915943168&type=1
134928091440,2022.10.25.15.45.47,4890593,阿盐是只喵,是我自己的配的,https://api.bilibili.com/x/v2/reply/reply?pn=1&type=1&oid=646918391&mode=3&root=134915943168&type=1
134942575104,2022.10.25.18.04.05,1387239055,德意志骷髅师成员,回复 @阿盐是只喵 :[热词系列_知识增加],https://api.bilibili.com/x/v2/reply/reply?pn=1&type=1&oid=646918391&mode=3&root=134915943168&type=1
134900354384,2022.10.25.11.13.22,430280875,身前的后面,先赞后看，已成习惯,https://api.bilibili.com/x/v2/reply?pn=1&type=1&oid=646918391&mode=3
134928044240,2022.10.25.15.45.52,4890593,阿盐是只喵,谢谢[星星眼],https://api.bilibili.com/x/v2/reply/reply?pn=1&type=1&oid=646918391&mode=3&root=134900354384&type=1
